bills-introduced,id,bioguide_id,name,bills-with-companion,cosponsored,cosponsors,ideology,leadership,missed-votes,congressional
8,300089,S000320,b'Shelby',1,55,5,0.0,0.0,0.0,117
12,412671,S001197,b'Sasse',2,94,36,0.0139659683705928,0.0917470078349194,0.0,117
14,412743,H001079,b'Hyde-Smith',2,111,51,0.0200324383981554,0.1050825078626377,0.211,117
15,300072,M000355,b'McConnell',4,118,55,0.0310655954121906,0.1110493961263868,0.316,117
16,412496,J000293,b'Johnson',4,132,55,0.0355414098997262,0.1256862299224403,0.316,117
16,412841,R000615,b'Romney',5,141,55,0.0455802980872291,0.1583691449540962,0.316,117
16,456796,T000278,b'Tuberville',5,152,74,0.0583875007437665,0.1600442567222778,0.527,117
19,412555,C001096,b'Cramer',6,153,97,0.0591413132623803,0.2101992902065423,0.632,117
20,412294,L000571,b'Lummis',6,164,97,0.0715447123166643,0.2148498569844017,0.632,117
22,400040,B001236,b'Boozman',6,174,100,0.0756533259297988,0.2408926987224592,0.632,117
22,300030,C000880,b'Crapo',6,180,119,0.0855733771029607,0.2485952128626114,0.632,117
23,400054,B001135,b'Burr',6,200,133,0.0923940264109351,0.2540078846365299,0.632,117
23,412494,H001061,b'Hoeven',7,206,133,0.0944404184553066,0.2546922561581095,0.843,117
24,400061,C001047,b'Capito',7,209,144,0.1176467688420114,0.2804941332414981,0.843,117
26,400034,B000575,b'Blunt',8,213,145,0.1207220206341695,0.2805809753088759,0.948,117
27,456797,H000273,b'Hickenlooper',8,227,149,0.1247376691191951,0.3055002372071889,0.948,117
28,412556,F000463,b'Fischer',8,232,156,0.1305043249435327,0.307459138376743,0.948,117
28,300065,L000174,b'Leahy',8,241,161,0.1427035888170884,0.3233169183349373,0.948,117
29,300047,G000359,b'Graham',8,251,164,0.1441210819116543,0.3243374946962309,1.054,117
29,456798,H000601,b'Hagerty',8,255,164,0.1458618264432754,0.3299810703271618,1.054,117
31,300018,C000127,b'Cantwell',8,257,169,0.1508656581914435,0.3334772659811422,1.054,117
31,300019,C000174,b'Carper',8,258,170,0.1526350189592639,0.3485236522363183,1.054,117
31,412669,R000605,b'Rounds',8,259,175,0.1718972163418153,0.3501524473359708,1.054,117
32,300055,I000024,b'Inhofe',9,264,185,0.174860888138848,0.3549127101581637,1.159,117
33,400408,T000461,b'Toomey',9,270,187,0.176999238019796,0.356556839820099,1.162,117
36,400357,S000033,b'Sanders',10,274,208,0.1915151574617043,0.3617485697105711,1.264,117
36,412509,S001191,b'Sinema',10,283,212,0.1994990268605996,0.3686349758084798,1.264,117
40,456794,K000377,b'Kelly',10,287,218,0.2007037353465002,0.3721107263025499,1.264,117
40,412668,T000476,b'Tillis',11,300,219,0.2036007080893909,0.3967771135513346,1.475,117
41,412428,Y000064,b'Young',11,300,220,0.2132504585934569,0.4083164815361478,1.475,117
46,412545,K000383,b'King',11,302,226,0.2165914454782123,0.4146242831289305,1.475,117
46,412322,R000584,b'Risch',12,302,229,0.2219493956482868,0.4163909650849063,1.475,117
47,412321,W000805,b'Warner',12,305,233,0.2365745673694086,0.4195880376333437,1.686,117
48,412251,B001261,b'Barrasso',12,308,239,0.2397890222094278,0.4208501589873247,1.686,117
49,300075,M001153,b'Murkowski',12,308,242,0.2480445687357022,0.421957501547251,1.791,117
50,300025,C001035,b'Collins',13,315,243,0.2925665319540997,0.4283358858005691,1.791,117
50,456857,O000174,b'Ossoff',13,330,245,0.3034053649280849,0.429785073602466,1.791,117
50,412665,S001198,b'Sullivan',13,333,248,0.3085483513778938,0.431695183983784,1.791,117
51,412330,B001267,b'Bennet',14,333,251,0.3094793849692882,0.4331416782330266,2.002,117
51,412840,H001089,b'Hawley',15,334,270,0.3302216850711305,0.434713281285342,2.002,117
51,412582,K000384,b'Kaine',15,337,279,0.3350303239558818,0.4486442608768297,2.002,117
52,412471,S001184,b'Scott',16,338,288,0.3384227153514011,0.4503165646521158,2.002,117
53,412464,L000575,b'Lankford',16,338,288,0.3460332570488533,0.4585500143589142,2.002,117
53,400284,M000934,b'Moran',16,343,300,0.3557965876833117,0.464403980982227,2.002,117
53,300093,S000770,b'Stabenow',17,349,303,0.3776464864331117,0.4739825489040532,2.107,117
54,412194,M001169,b'Murphy',17,351,303,0.3997933478477988,0.4776035477843094,2.424,117
54,300081,R000122,b'Reed',18,351,307,0.4361190723827804,0.4945934344858066,2.424,117
55,412200,H001042,b'Hirono',18,357,308,0.4466867743980765,0.4952012911950534,2.424,117
55,412391,M001183,b'Manchin',18,368,308,0.4486224258494005,0.4980953577010794,2.424,117
56,456858,W000790,b'Warnock',18,369,329,0.4641582428676963,0.4996419499947135,2.529,117
57,412281,H001046,b'Heinrich',18,372,331,0.4732967456486172,0.5003580061297092,2.634,117
57,300076,M001111,b'Murray',18,374,338,0.5009670346635671,0.5063544313978285,2.74,117
58,300087,S000148,b'Schumer',19,376,344,0.5481206904304073,0.5182737227108749,2.74,117
59,412247,W000802,b'Whitehouse',19,376,346,0.5777390008393655,0.5248321511804779,2.845,117
61,412293,L000570,b'Luj\xc3\xa1n',20,379,347,0.5844091392235413,0.5353733903939157,2.845,117
62,400013,B001230,b'Baldwin',20,392,356,0.5966888379787708,0.5366753481771491,2.845,117
62,400415,V000128,b'Van Hollen',20,399,367,0.5996875335843569,0.5379216854214651,2.845,117
63,400546,T000250,b'Thune',20,401,373,0.6054728917809364,0.5401493083842586,3.161,117
64,412269,C001075,b'Cassidy',21,405,380,0.6076377149217366,0.5475062866682647,3.267,117
64,456856,P000145,b'Padilla',21,406,380,0.6147830301151201,0.5493713137345796,3.267,117
64,400432,W000437,b'Wicker',21,412,382,0.619070797359753,0.5532481048587033,3.267,117
66,412492,P000603,b'Paul',22,415,382,0.6521006836422552,0.5539177186727428,3.477,117
67,400032,B001243,b'Blackburn',22,415,383,0.6700735926195451,0.5566950242047171,3.793,117
68,412549,D000618,b'Daines',22,419,390,0.6776966741582178,0.5622557662478626,4.004,117
71,412508,C001095,b'Cotton',22,427,406,0.6823487107889421,0.5674958445264671,4.11,117
71,412742,S001203,b'Smith',22,431,427,0.6842296492138685,0.5694879256218031,4.11,117
74,412704,M001198,b'Marshall',23,433,432,0.6848833227488085,0.573943504412557,4.118,117
74,412715,R000608,b'Rosen',23,452,440,0.6885764082221307,0.5817921507690245,4.742,117
76,412667,E000295,b'Ernst',23,453,441,0.7162702924679023,0.5826830656088232,4.847,117
76,412244,T000464,b'Tester',23,455,472,0.7434017058639575,0.589798662338342,4.953,117
77,412390,C001088,b'Coons',24,470,479,0.7537487878074729,0.6121683397152871,4.963,117
79,412507,S001194,b'Schatz',24,478,486,0.7637885028397207,0.6207361612460165,5.163,117
80,412680,H001076,b'Hassan',24,484,537,0.7686992829264989,0.6246575472585687,5.269,117
81,412679,K000393,b'Kennedy',24,487,538,0.7722267383913215,0.6323327747917901,5.374,117
82,300043,F000062,b'Feinstein',25,488,539,0.7813560775188494,0.6482027951953258,5.479,117
82,412323,S001181,b'Shaheen',25,499,542,0.7840085605855773,0.6582070340641533,5.69,117
83,412223,G000555,b'Gillibrand',26,500,546,0.7856843512485182,0.6643537717160906,5.69,117
86,412533,D000622,b'Duckworth',28,503,551,0.7950608559022395,0.6734352878701677,5.69,117
86,300100,W000779,b'Wyden',28,507,566,0.808701355452043,0.6827522701645365,5.796,117
87,400064,C000141,b'Cardin',28,511,579,0.8156838632640027,0.6838230753954337,5.796,117
89,400325,P000449,b'Portman',28,512,600,0.8179026173774212,0.687329303063159,6.217,117
91,300048,G000386,b'Grassley',30,513,607,0.8191461777509337,0.7007182670810941,6.217,117
92,400050,B000944,b'Brown',32,515,639,0.8233319519185195,0.7048065067645805,6.533,117
95,412325,M001176,b'Merkley',32,527,641,0.8262654009672119,0.7058728593143929,6.533,117
99,412490,B001277,b'Blumenthal',32,538,678,0.8291090620903799,0.709096364147748,6.639,117
103,412573,C001098,b'Cruz',33,556,679,0.8311817640717247,0.7124378607252708,6.849,117
103,412542,W000817,b'Warren',35,565,685,0.8574100274344073,0.7351036926296096,7.06,117
108,412839,B001310,b'Braun',35,569,686,0.8593222447528839,0.748806183040678,7.271,117
111,412838,S001217,b'Scott',36,586,688,0.8643661956022627,0.7534114408549742,7.903,117
112,300027,C001056,b'Cornyn',38,594,722,0.8680597642991627,0.7622636543676512,8.746,117
112,412305,P000595,b'Peters',41,613,729,0.8763903640427563,0.7719765494442351,8.746,117
116,412681,C001113,b'Cortez Masto',43,622,743,0.8802383182047842,0.7824853815474148,9.378,117
119,300038,D000563,b'Durbin',45,639,767,0.8821247922286517,0.7917370983004449,10.011,117
125,412598,B001288,b'Booker',45,650,878,0.8932929581085078,0.7989066085174471,10.221,117
129,400253,M000133,b'Markey',49,666,883,0.8999293368758801,0.8073592261321055,10.643,117
130,412246,C001070,b'Casey',51,675,899,0.9108962980322772,0.8288155955235367,11.064,117
137,412495,L000577,b'Lee',51,713,940,0.9322823989063498,0.8305373659913103,11.907,117
157,400272,M000639,b'Menendez',54,721,966,0.9440563851749506,0.845263479385952,12.856,117
181,412242,K000367,b'Klobuchar',56,735,1113,0.9810687431990602,0.9568926285712764,13.909,117
218,412491,R000595,b'Rubio',72,907,1349,1.0,1.0,21.707,117
0,456794,K000377,b'Kelly',0,28,0,0.0,0.0,0.0,116
8,300089,S000320,b'Shelby',1,43,2,0.0213759569468057,0.0020466807864413,0.139,116
15,412841,R000615,b'Romney',1,67,51,0.0623939854122998,0.1153527793513572,0.139,116
15,412671,S001197,b'Sasse',2,111,54,0.0790453815835708,0.1316113873488535,0.139,116
16,412743,H001079,b'Hyde-Smith',3,127,97,0.0921258576686378,0.2147044989497931,0.139,116
21,300065,L000174,b'Leahy',4,128,112,0.0962184314924986,0.2576865301473132,0.139,116
22,300002,A000360,b'Alexander',5,135,113,0.1244823683400343,0.2596477660026549,0.139,116
22,412555,C001096,b'Cramer',5,137,125,0.1309503026773152,0.2607286463519599,0.139,116
22,300083,R000307,b'Roberts',5,137,134,0.1648202203907396,0.2702301652798128,0.139,116
24,300030,C000880,b'Crapo',6,146,135,0.1649568908651643,0.3047725168795167,0.278,116
26,300019,C000174,b'Carper',6,149,137,0.1802949855517126,0.3078096479646185,0.278,116
28,412556,F000463,b'Fischer',6,152,143,0.1850567115808584,0.3156852569484037,0.278,116
28,412666,P000612,b'Perdue',7,153,144,0.1868469023535244,0.323669442051063,0.278,116
29,400040,B001236,b'Boozman',7,185,160,0.1915997169049615,0.3274673031584897,0.417,116
29,400061,C001047,b'Capito',7,196,161,0.20931439775211,0.3363143014881264,0.556,116
29,412322,R000584,b'Risch',7,205,168,0.2102200370610991,0.3409114323221627,0.556,116
30,300018,C000127,b'Cantwell',7,206,171,0.2127451790653449,0.3589711509197815,0.694,116
32,300055,I000024,b'Inhofe',7,215,174,0.2237905855172105,0.3621429747130823,0.694,116
32,412509,S001191,b'Sinema',7,216,175,0.2327131107906749,0.362901756349417,0.694,116
34,400054,B001135,b'Burr',8,219,184,0.2361637770902647,0.3743813513093972,0.694,116
34,412545,K000383,b'King',8,222,185,0.2373204432338576,0.3745636743634982,0.694,116
35,300041,E000285,b'Enzi',9,225,188,0.2418478363712515,0.3849128554723399,0.694,116
36,400357,S000033,b'Sanders',9,226,195,0.2444182045773847,0.3896367552383291,0.833,116
37,412251,B001261,b'Barrasso',9,236,200,0.2526273628537734,0.3900975255553303,0.833,116
37,412741,J000300,b'Jones',10,241,202,0.2598284502485734,0.3957666809787392,0.833,116
37,412715,R000608,b'Rosen',10,249,213,0.2602709832891195,0.4007639058954508,0.972,116
37,400408,T000461,b'Toomey',10,251,221,0.2671354845754197,0.4018217663648109,0.972,116
38,412471,S001184,b'Scott',10,254,222,0.2730801962675068,0.4080213789326694,0.972,116
39,412494,H001061,b'Hoeven',10,254,227,0.2882555680765729,0.4080747343343134,0.972,116
39,412582,K000384,b'Kaine',10,255,228,0.289106975388481,0.4261196270855438,0.972,116
39,300087,S000148,b'Schumer',10,266,233,0.2916442483820628,0.4298373267372743,1.111,116
39,300093,S000770,b'Stabenow',10,267,257,0.3071046590539182,0.4354148269824872,1.111,116
40,400032,B001243,b'Blackburn',10,268,260,0.310168752879731,0.4364361468121278,1.111,116
40,412669,R000605,b'Rounds',11,285,263,0.323638117167695,0.4373592083263065,1.25,116
41,412464,L000575,b'Lankford',11,289,265,0.3408482820088204,0.4421026462219131,1.389,116
41,300081,R000122,b'Reed',12,293,270,0.3415861430872271,0.4428907570450947,1.389,116
43,400034,B000575,b'Blunt',12,296,272,0.3470976652830056,0.443789266768371,1.528,116
43,412496,J000293,b'Johnson',12,300,281,0.357630608726635,0.4440609970238955,1.667,116
44,412330,B001267,b'Bennet',12,301,284,0.4030722116160485,0.4467461906405094,1.667,116
44,456790,L000594,b'Loeffler',12,302,287,0.4197348718407653,0.450728413640421,1.667,116
46,412281,H001046,b'Heinrich',12,302,289,0.4581275397945945,0.4522491780965729,1.667,116
46,300072,M000355,b'McConnell',12,319,302,0.4622462988504917,0.4662315710221738,1.806,116
47,400284,M000934,b'Moran',12,326,304,0.4883978196288108,0.4805567239551179,1.806,116
47,400546,T000250,b'Thune',12,329,304,0.4887118845420332,0.4826156175477569,1.806,116
47,412668,T000476,b'Tillis',13,330,305,0.4921537517063852,0.4830886037625972,1.806,116
48,412194,M001169,b'Murphy',13,336,306,0.5683381964512569,0.4899027888749208,1.806,116
49,300076,M001111,b'Murray',13,339,307,0.5747296692758807,0.4915577135936861,1.944,116
49,412838,S001217,b'Scott',14,340,313,0.6088764794766894,0.4953823915733168,1.944,116
50,412665,S001198,b'Sullivan',14,345,320,0.6103485814049456,0.4975334850602448,2.083,116
50,412247,W000802,b'Whitehouse',14,348,324,0.6328856782983334,0.4993796587987121,2.222,116
51,412428,Y000064,b'Young',14,353,327,0.6535331943699896,0.5006202151128496,2.222,116
52,412667,E000295,b'Ernst',15,362,329,0.6623700700087977,0.5055826569891168,2.222,116
52,412840,H001089,b'Hawley',15,378,329,0.6634019064221728,0.507986509162238,2.5,116
53,412200,H001042,b'Hirono',15,380,331,0.6758048564532102,0.5081999442130227,2.5,116
54,412839,B001310,b'Braun',15,401,342,0.6818158083181924,0.5108972608354212,2.639,116
54,412680,H001076,b'Hassan',16,404,349,0.6877430055920306,0.5159451180885779,2.778,116
54,412321,W000805,b'Warner',16,411,362,0.6981639021207193,0.5182800426072763,2.778,116
55,300047,G000359,b'Graham',16,420,364,0.7147055124789263,0.5192168976477914,2.917,116
58,300075,M001153,b'Murkowski',16,420,364,0.7192853835393981,0.5251073297435584,3.056,116
59,412391,M001183,b'Manchin',18,422,387,0.7232189343217329,0.5303177410977475,3.056,116
59,400415,V000128,b'Van Hollen',18,434,390,0.7272354953851611,0.5303535492219484,3.194,116
60,412549,D000618,b'Daines',19,437,421,0.7284013587188684,0.530360315623618,3.194,116
63,412223,G000555,b'Gillibrand',19,448,423,0.7320039078558526,0.5306154242007288,3.333,116
65,412495,L000577,b'Lee',19,465,431,0.7356736132775082,0.5557970290586383,3.472,116
67,412269,C001075,b'Cassidy',19,472,432,0.7551780905627227,0.5586534445812517,3.611,116
67,412679,K000393,b'Kennedy',20,475,435,0.7598273348745991,0.5606908459738268,3.611,116
69,400013,B001230,b'Baldwin',20,481,450,0.7700409850101149,0.5677234219517291,3.75,116
69,400413,U000039,b'Udall',20,486,451,0.798571724251617,0.5710247549487036,3.75,116
72,412492,P000603,b'Paul',20,488,458,0.8034871698890935,0.5714272286547862,4.028,116
75,412390,C001088,b'Coons',21,492,481,0.8046998879357278,0.5792524090359764,4.306,116
75,412507,S001194,b'Schatz',21,492,485,0.8087266252938884,0.579284842041384,4.444,116
76,412742,S001203,b'Smith',22,506,493,0.8161538628062336,0.593411942514678,4.444,116
78,412573,C001098,b'Cruz',22,514,507,0.8194811721932624,0.5941269058432227,5.0,116
79,412508,C001095,b'Cotton',23,516,519,0.8229957878704055,0.6192320255767986,5.139,116
80,300025,C001035,b'Collins',23,523,534,0.8254465313725066,0.6235000346985762,5.139,116
80,300048,G000386,b'Grassley',23,531,566,0.8264523530816752,0.6267704287826953,5.139,116
80,412678,H001075,b'Harris',23,531,593,0.8311987858361997,0.626917164014626,5.139,116
83,300043,F000062,b'Feinstein',25,542,594,0.8332493541323729,0.631169585543912,5.278,116
85,412533,D000622,b'Duckworth',27,590,615,0.8355770273993551,0.6410820348260188,5.417,116
87,412681,C001113,b'Cortez Masto',27,598,617,0.8358334507997375,0.6411422304592549,5.556,116
87,412406,G000562,b'Gardner',28,606,634,0.8394965812302757,0.6423322077848193,5.556,116
87,400325,P000449,b'Portman',28,608,648,0.8585115878573392,0.6432907832406126,6.528,116
90,400050,B000944,b'Brown',29,618,662,0.8608087330666967,0.6515409242994588,6.944,116
90,412244,T000464,b'Tester',29,630,685,0.8769199796853501,0.6559256477783683,8.194,116
90,400432,W000437,b'Wicker',29,648,686,0.8773305466066119,0.656559519124629,8.333,116
92,400064,C000141,b'Cardin',30,657,697,0.8838768726062547,0.657278787193227,9.444,116
92,412323,S001181,b'Shaheen',30,662,703,0.8845866856784902,0.673730270401581,10.417,116
95,412305,P000595,b'Peters',34,669,734,0.8963976044254016,0.6828903583400016,10.972,116
98,412542,W000817,b'Warren',34,682,739,0.8994273404690205,0.7050588685970323,11.944,116
100,300027,C001056,b'Cornyn',34,687,755,0.904128729726028,0.7119883277144536,12.361,116
101,412490,B001277,b'Blumenthal',34,696,776,0.9042939032919473,0.7401992895220791,12.639,116
108,300038,D000563,b'Durbin',35,713,796,0.913691651163228,0.7471817436981276,15.417,116
109,300100,W000779,b'Wyden',36,721,797,0.914979462126755,0.7518380514260852,18.194,116
115,412246,C001070,b'Casey',36,758,811,0.9231190241813788,0.7757775274601691,18.493,116
118,412242,K000367,b'Klobuchar',40,770,843,0.9335347816317272,0.7840268245641928,18.611,116
123,412598,B001288,b'Booker',41,776,914,0.9348957834260112,0.8443037351603999,29.167,116
130,412491,R000595,b'Rubio',44,789,935,0.9400159899303128,0.8541336807957088,39.583,116
134,412325,M001176,b'Merkley',46,816,995,0.9538107381402476,0.8579728925652559,40.556,116
150,400253,M000133,b'Markey',52,833,1038,0.9724270265601638,0.9076892866613756,55.139,116
179,400272,M000639,b'Menendez',53,1041,1515,1.0,1.0,57.361,116
4,412743,H001079,b'Hyde-Smith',0,51,3,0.0,0.0,0.0,115
10,300089,S000320,b'Shelby',0,71,8,0.0087021269470942,0.0217307327872521,0.0,115
11,412741,J000300,b'Jones',1,72,37,0.0329575160868174,0.1061952353715763,0.0,115
15,412671,S001197,b'Sasse',1,72,51,0.0508578017299775,0.1805072521256104,0.0,115
16,412680,H001076,b'Hassan',2,86,80,0.0907346099561663,0.2259035877415316,0.0,115
16,300087,S000148,b'Schumer',2,118,81,0.1022090112980621,0.2278205959037578,0.0,115
18,412668,T000476,b'Tillis',3,123,90,0.1195196818832554,0.2306607159578332,0.0,115
19,300065,L000174,b'Leahy',3,124,96,0.1226723332656865,0.2436930243418112,0.0,115
20,412248,C001071,b'Corker',3,127,96,0.1275425721375568,0.2472199728644578,0.0,115
21,400415,V000128,b'Van Hollen',3,132,98,0.1299232918208618,0.2510019854425336,0.167,115
23,300019,C000174,b'Carper',4,143,98,0.1358445661114254,0.2643219000335514,0.167,115
23,412681,C001113,b'Cortez Masto',4,150,103,0.145334089255412,0.2987071049852203,0.167,115
23,300083,R000307,b'Roberts',4,153,105,0.1539374626822565,0.2992253040125283,0.167,115
23,400408,T000461,b'Toomey',4,159,108,0.1591379781709247,0.3011204748828905,0.334,115
25,400061,C001047,b'Capito',4,161,110,0.1615526126700207,0.3012944500271182,0.334,115
25,412281,H001046,b'Heinrich',5,167,114,0.1652664503708339,0.3231475060514081,0.334,115
26,412666,P000612,b'Perdue',5,169,129,0.1687497639967973,0.3313389451294543,0.334,115
26,412322,R000584,b'Risch',5,177,142,0.1802992812745394,0.349056383714567,0.334,115
26,412742,S001203,b'Smith',5,182,147,0.1901880196960684,0.3538641392556342,0.334,115
27,300047,G000359,b'Graham',5,185,147,0.1940172195938445,0.3543604334301248,0.334,115
28,400040,B001236,b'Boozman',5,188,149,0.1949456516687623,0.3564354351547718,0.334,115
28,412679,K000393,b'Kennedy',6,196,153,0.2052277505107637,0.3823657209331138,0.334,115
28,412545,K000383,b'King',6,204,156,0.219607113658449,0.3877034977345467,0.334,115
29,300041,E000285,b'Enzi',6,204,157,0.2346605102253758,0.3923913533901316,0.334,115
30,412508,C001095,b'Cotton',7,208,157,0.234922537736707,0.3940801886061415,0.334,115
30,412471,S001184,b'Scott',7,209,159,0.2380296313112074,0.3943792436359492,0.501,115
31,300002,A000360,b'Alexander',7,210,161,0.2428308331796491,0.396523981010741,0.501,115
31,412251,B001261,b'Barrasso',7,218,165,0.2500075858080405,0.3981834449761151,0.501,115
31,300030,C000880,b'Crapo',7,219,168,0.2591496141349094,0.4019114862668375,0.501,115
31,412464,L000575,b'Lankford',7,219,174,0.2693726346771035,0.4124616755129495,0.501,115
31,400357,S000033,b'Sanders',7,220,176,0.281899652614317,0.4197594960415375,0.501,115
32,412556,F000463,b'Fischer',8,224,177,0.2904001003545551,0.4231835248192184,0.501,115
33,300081,R000122,b'Reed',8,224,178,0.3059646815033867,0.4276006193759832,0.501,115
34,412667,E000295,b'Ernst',8,225,180,0.3150941534751247,0.4280612846033477,0.668,115
34,412194,M001169,b'Murphy',8,225,180,0.3154604653537477,0.429680691886888,0.668,115
35,400054,B001135,b'Burr',8,227,193,0.3179214550681262,0.441401546571045,0.668,115
35,412205,D000607,b'Donnelly',8,230,202,0.3227295612569394,0.4428633559423753,0.668,115
35,300055,I000024,b'Inhofe',9,235,205,0.4116585255490803,0.4439330984873912,0.668,115
35,412496,J000293,b'Johnson',9,241,205,0.4241847565854265,0.4466317451851465,0.668,115
35,412582,K000384,b'Kaine',9,244,208,0.4387098804841697,0.4577244031251645,0.835,115
37,412494,H001061,b'Hoeven',9,245,215,0.463649480284227,0.459045921075381,0.835,115
37,400194,I000055,b'Isakson',10,247,219,0.4798674083457688,0.4621890739225802,0.835,115
37,400284,M000934,b'Moran',10,249,224,0.5124009681936544,0.476384639417276,0.835,115
37,412665,S001198,b'Sullivan',10,251,229,0.5198135067038934,0.4810096672075074,0.835,115
38,412391,M001183,b'Manchin',11,257,239,0.5309293305855259,0.4875198917609195,0.835,115
40,300018,C000127,b'Cantwell',11,262,242,0.5363965727712479,0.4891123936706948,0.835,115
41,412305,P000595,b'Peters',11,264,250,0.5627219440968714,0.4944226503270661,0.835,115
41,412247,W000802,b'Whitehouse',11,265,257,0.5840849109013482,0.4956156584022138,0.835,115
42,412321,W000805,b'Warner',11,265,258,0.6061241252782935,0.4958039878558812,0.835,115
42,412428,Y000064,b'Young',11,266,260,0.6546625932396029,0.5000000000000001,1.002,115
43,412330,B001267,b'Bennet',11,266,264,0.675828831327996,0.5023929116643377,1.002,115
43,300076,M001111,b'Murray',11,269,265,0.6824402369492032,0.5180411584590764,1.002,115
44,412554,H001069,b'Heitkamp',11,272,275,0.6953398400227815,0.5203430864830093,1.002,115
44,412507,S001194,b'Schatz',12,274,275,0.7080498853677221,0.5239337477399588,1.002,115
46,400413,U000039,b'Udall',12,275,275,0.716237337783082,0.5336703219598995,1.002,115
48,300072,M000355,b'McConnell',12,277,281,0.7258636129416577,0.5437917079789751,1.169,115
48,412669,R000605,b'Rounds',12,280,285,0.7321459126315386,0.5526985512139183,1.169,115
49,412495,L000577,b'Lee',12,286,291,0.7354904702728335,0.5535320152366836,1.169,115
50,400034,B000575,b'Blunt',13,292,294,0.7414179659117345,0.5589960680089775,1.336,115
50,300093,S000770,b'Stabenow',13,313,296,0.742235489731633,0.5608389632409869,1.503,115
52,412678,H001075,b'Harris',13,316,301,0.7576891768003867,0.5615828194756015,1.503,115
52,412492,P000603,b'Paul',13,316,310,0.7639358579781476,0.569003793536523,1.669,115
52,400432,W000437,b'Wicker',13,316,312,0.7653849728633025,0.580058570282275,1.669,115
53,412406,G000562,b'Gardner',13,318,323,0.7768840267553742,0.5807413458280957,1.669,115
54,412243,M001170,b'McCaskill',13,322,336,0.7776344569671255,0.5833375666727031,1.825,115
54,400325,P000449,b'Portman',14,334,349,0.7807691104289503,0.5853683784979309,2.003,115
55,412533,D000622,b'Duckworth',14,335,355,0.7990862292032658,0.5866692521440358,2.003,115
57,300075,M001153,b'Murkowski',14,341,358,0.8187104401658056,0.5896366596075617,2.337,115
58,300025,C001035,b'Collins',15,342,363,0.8205760343332624,0.5898519667220852,2.504,115
58,412200,H001042,b'Hirono',15,355,364,0.8310137122079804,0.6092541405671591,2.504,115
59,412390,C001088,b'Coons',15,359,384,0.8334050397121328,0.6101220247718502,2.504,115
60,300038,D000563,b'Durbin',15,365,386,0.8403556102836912,0.6138380649136982,2.671,115
60,400546,T000250,b'Thune',16,374,390,0.8406338905764807,0.6170099022859399,2.838,115
61,412269,C001075,b'Cassidy',16,380,396,0.8434803336255454,0.6238680250662468,2.838,115
62,412223,G000555,b'Gillibrand',16,381,401,0.847652118881885,0.626277980568346,2.838,115
66,412573,C001098,b'Cruz',17,390,401,0.8507204555584914,0.6338553669037476,2.844,115
66,412549,D000618,b'Daines',17,390,407,0.8641820753201587,0.6402441674109788,3.005,115
66,412323,S001181,b'Shaheen',18,396,423,0.8655364015657664,0.6445851056309547,3.005,115
67,300043,F000062,b'Feinstein',18,397,433,0.868355640246332,0.6452778669551927,3.339,115
68,400134,F000444,b'Flake',18,411,438,0.871128946126216,0.6503223872059448,3.506,115
69,412325,M001176,b'Merkley',18,414,442,0.8762724448655931,0.6537728923551761,3.84,115
70,400013,B001230,b'Baldwin',18,421,442,0.8853832673403488,0.657890137048512,4.174,115
71,400050,B000944,b'Brown',19,424,449,0.8942829609668851,0.6669458311376656,4.174,115
72,412218,H001041,b'Heller',19,458,500,0.8967812019941833,0.6771732636574816,4.341,115
73,412244,T000464,b'Tester',19,464,503,0.9126523163147816,0.6780219655229137,4.341,115
74,300078,N000032,b'Nelson',19,470,505,0.9174879938360248,0.6928517321445904,4.508,115
75,412598,B001288,b'Booker',20,475,522,0.9195216823248556,0.6941958646053836,4.674,115
77,412490,B001277,b'Blumenthal',21,485,557,0.9239033951603534,0.6980247463565123,4.674,115
77,300100,W000779,b'Wyden',22,487,564,0.9312776354216258,0.7105437628974265,4.841,115
78,400253,M000133,b'Markey',22,490,568,0.9332695727307144,0.7105696627718887,5.342,115
79,400272,M000639,b'Menendez',22,501,584,0.9390053118686684,0.7133135807473878,5.509,115
80,412542,W000817,b'Warren',23,517,596,0.9506234389888112,0.7275992998250685,5.843,115
82,412246,C001070,b'Casey',26,517,638,0.9508044649731175,0.7369052204628603,6.01,115
82,300027,C001056,b'Cornyn',26,520,642,0.9534992499898248,0.7636023241808222,6.177,115
87,400064,C000141,b'Cardin',26,546,681,0.9624988256180128,0.896197709957123,6.344,115
92,412242,K000367,b'Klobuchar',28,552,784,0.9698474898734152,0.8989300811643032,8.013,115
92,412491,R000595,b'Rubio',29,591,865,0.9727381492026904,0.9627030062209966,11.018,115
97,300048,G000386,b'Grassley',30,646,883,0.9753306842241066,0.9647392102763792,12.855,115
125,300052,H000338,b'Hatch',32,664,905,1.0,1.0,14.023,115
8,300089,S000320,b'Shelby',1,74,11,0.0,0.0,0.0,114
10,412671,S001197,b'Sasse',1,81,15,0.0398234306033823,0.0091388825530728,0.0,114
10,300088,S001141,b'Sessions',2,94,34,0.0403618024948783,0.1184780344741927,0.0,114
11,412668,T000476,b'Tillis',2,106,39,0.0515375880637534,0.1234712185553322,0.0,114
13,300023,C000567,b'Cochran',2,133,46,0.0630934241708174,0.1462124938943329,0.0,114
15,402675,C000542,b'Coats',2,138,48,0.0735874495050825,0.154393579476939,0.0,114
15,412666,P000612,b'Perdue',3,150,48,0.0791283631563495,0.1727506282907943,0.0,114
17,412667,E000295,b'Ernst',3,152,64,0.1063007333544948,0.1838567563932162,0.0,114
17,412322,R000584,b'Risch',3,160,71,0.1106642542770889,0.1869891891391125,0.0,114
18,412205,D000607,b'Donnelly',3,166,72,0.1132092339597161,0.2160910723721601,0.0,114
19,300073,M000702,b'Mikulski',3,170,73,0.1169686520288081,0.2200676830231347,0.0,114
19,412471,S001184,b'Scott',3,171,75,0.1225311740711077,0.253707900408755,0.0,114
20,400061,C001047,b'Capito',4,172,77,0.1276386609522876,0.266048305046391,0.199,114
20,412508,C001095,b'Cotton',4,175,79,0.136649463349706,0.2914717212312889,0.199,114
20,300047,G000359,b'Graham',5,178,80,0.1370849928252601,0.2918343853542887,0.199,114
20,412464,L000575,b'Lankford',5,179,86,0.1515256618263391,0.2929526727459498,0.199,114
20,412391,M001183,b'Manchin',5,181,86,0.1530763401217958,0.293970275342844,0.199,114
20,412243,M001170,b'McCaskill',5,185,92,0.1630716187353798,0.3085648027933872,0.398,114
21,412582,K000384,b'Kaine',5,185,101,0.1687349809378834,0.3140242709368894,0.398,114
23,412248,C001071,b'Corker',5,189,107,0.1785929180668475,0.3200369855959317,0.398,114
23,300082,R000146,b'Reid',6,189,108,0.1906423941820573,0.3388070579229996,0.398,114
25,400040,B001236,b'Boozman',6,193,108,0.1964732595125309,0.3435469275488315,0.598,114
26,412545,K000383,b'King',6,194,132,0.1982013968749651,0.3438648319257012,0.598,114
26,412305,P000595,b'Peters',6,196,138,0.2114050399160974,0.3619609565754559,0.598,114
26,412669,R000605,b'Rounds',6,198,139,0.224953464983708,0.3867499615170857,0.598,114
26,412665,S001198,b'Sullivan',6,198,141,0.2268931481900964,0.3891302578319258,0.598,114
26,412321,W000805,b'Warner',7,202,141,0.2432531481669081,0.4004634933434942,0.598,114
27,300030,C000880,b'Crapo',7,204,146,0.2509526301470304,0.4080328979930845,0.797,114
27,412494,H001061,b'Hoeven',7,205,150,0.259683954769381,0.4157471413814957,0.797,114
27,412542,W000817,b'Warren',7,206,153,0.2620756090396662,0.4356989307052766,0.797,114
28,412281,H001046,b'Heinrich',7,208,160,0.2630700635358398,0.4382496495101026,0.797,114
29,400432,W000437,b'Wicker',8,213,163,0.2773684425119595,0.4413985814346818,0.797,114
30,412330,B001267,b'Bennet',8,215,175,0.2789187921486986,0.4433461279649863,0.797,114
30,400357,S000033,b'Sanders',8,215,183,0.288304297056544,0.4475029662536192,0.797,114
31,300019,C000174,b'Carper',8,218,185,0.3210390743167352,0.4516914847801051,0.996,114
31,300065,L000174,b'Leahy',8,221,186,0.3459545778512484,0.4549844492261759,0.996,114
33,300083,R000307,b'Roberts',8,223,186,0.3846086738303275,0.4582298403603553,0.996,114
34,412194,M001169,b'Murphy',8,225,189,0.3905378078728987,0.4587448018858195,1.195,114
35,412507,S001194,b'Schatz',9,227,190,0.393677711494264,0.4612902381247604,1.195,114
37,412325,M001176,b'Merkley',9,229,205,0.4299593966136026,0.4625546645065068,1.195,114
37,300093,S000770,b'Stabenow',9,229,210,0.4303649758892353,0.4637696066600295,1.195,114
38,412549,D000618,b'Daines',9,232,211,0.4312888457150014,0.4679657141646821,1.195,114
38,412554,H001069,b'Heitkamp',9,232,211,0.4447635901178037,0.4736035951589211,1.394,114
38,400408,T000461,b'Toomey',10,234,212,0.4697363788230497,0.4767533949778705,1.394,114
39,412251,B001261,b'Barrasso',10,236,216,0.5587951402386934,0.4781635384039585,1.394,114
39,300041,E000285,b'Enzi',10,244,217,0.5607236861536352,0.4808429311805795,1.394,114
40,300018,C000127,b'Cantwell',10,247,217,0.6147306561151586,0.4889173085521299,1.394,114
40,412573,C001098,b'Cruz',10,247,218,0.615975880870696,0.4891965792389977,1.594,114
40,412556,F000463,b'Fischer',10,247,218,0.6271772934366836,0.4934546171840105,1.594,114
40,412223,G000555,b'Gillibrand',10,248,219,0.6750970623714114,0.4990843006033346,1.594,114
40,412495,L000577,b'Lee',10,248,224,0.6907039908937463,0.5009145748565796,1.594,114
41,300055,I000024,b'Inhofe',11,252,228,0.6931885288196269,0.5076773247751943,1.594,114
41,300081,R000122,b'Reed',11,257,229,0.6945601929821995,0.5196158369321012,1.594,114
41,412247,W000802,b'Whitehouse',11,258,237,0.7006945593224484,0.5205179405543395,1.793,114
42,400284,M000934,b'Moran',11,261,239,0.7150361509019064,0.5277747939528574,1.793,114
43,412493,A000368,b'Ayotte',11,263,242,0.7251202492849179,0.5355683586181297,1.793,114
43,412390,C001088,b'Coons',11,266,245,0.731485299759239,0.5382267159808412,2.191,114
44,412378,F000457,b'Franken',11,269,245,0.7511876286504615,0.5394627468723915,2.191,114
45,400054,B001135,b'Burr',11,278,245,0.7515651484829704,0.5516409055796312,2.191,114
45,400194,I000055,b'Isakson',12,278,250,0.7543296794652194,0.5524010776166992,2.191,114
45,300071,M000303,b'McCain',12,279,256,0.7548837027742278,0.5546259833984329,2.191,114
45,300078,N000032,b'Nelson',12,279,257,0.7686730425108701,0.5603319992760302,2.191,114
46,400013,B001230,b'Baldwin',12,281,257,0.773153950308259,0.5671613367484009,2.191,114
46,412269,C001075,b'Cassidy',12,282,265,0.7801231608851577,0.5794059455726578,2.191,114
46,412406,G000562,b'Gardner',12,286,269,0.7808855019159445,0.5807253009600578,2.59,114
47,412598,B001288,b'Booker',12,291,288,0.7842135511535269,0.5815744874361694,2.59,114
47,300025,C001035,b'Collins',13,293,288,0.7869412870984861,0.5917866318969673,2.59,114
48,300072,M000355,b'McConnell',13,294,299,0.7879660286298156,0.5948005954345442,2.789,114
49,412496,J000293,b'Johnson',13,300,301,0.7922242161269738,0.6065852351638039,2.789,114
50,300002,A000360,b'Alexander',14,301,304,0.793764187657099,0.6075754047171469,2.789,114
51,300011,B000711,b'Boxer',15,305,310,0.7948785970414695,0.6126550373090217,2.789,114
51,412200,H001042,b'Hirono',15,309,316,0.7964888869506033,0.638997068854252,2.789,114
52,400034,B000575,b'Blunt',16,314,330,0.8093654029618431,0.6499157184515059,2.789,114
52,300027,C001056,b'Cornyn',16,318,334,0.814047331481937,0.6534276996616118,2.988,114
53,300038,D000563,b'Durbin',16,327,334,0.8144688729755044,0.6573134260798192,2.988,114
53,300076,M001111,b'Murray',16,331,363,0.8174442925831875,0.6678586443973578,3.187,114
53,400413,U000039,b'Udall',17,332,367,0.8239673570525677,0.6680242549038541,3.187,114
55,400134,F000444,b'Flake',17,333,386,0.8280010543531664,0.6683006368938185,3.386,114
56,412218,H001041,b'Heller',17,338,386,0.8299048980869796,0.6839383667961871,3.386,114
59,300087,S000148,b'Schumer',17,338,395,0.8397598663646445,0.6892699858442157,3.586,114
59,412244,T000464,b'Tester',17,358,408,0.8422058193100715,0.6967111895461663,3.785,114
61,400325,P000449,b'Portman',18,359,429,0.8447204412439235,0.7024563279690081,3.984,114
62,412492,P000603,b'Paul',18,368,435,0.8503673592303151,0.7028488606186997,4.183,114
62,400546,T000250,b'Thune',18,371,439,0.8510217042702609,0.7088712343155247,4.183,114
67,300043,F000062,b'Feinstein',18,372,446,0.8527975092516203,0.7156688207169205,4.382,114
68,412242,K000367,b'Klobuchar',19,373,450,0.8572570853070787,0.7230704827039094,4.382,114
69,412491,R000595,b'Rubio',19,376,458,0.8600484110240938,0.7279464062024914,4.781,114
71,400050,B000944,b'Brown',19,380,465,0.8660862743980144,0.7422301149499175,5.378,114
73,412246,C001070,b'Casey',20,381,470,0.867041485863739,0.7490509735638119,6.175,114
73,400253,M000133,b'Markey',20,384,541,0.8693560415520611,0.7515951769536834,6.375,114
73,400272,M000639,b'Menendez',20,408,542,0.8739206891960802,0.7548024687814616,7.171,114
74,400222,K000360,b'Kirk',21,413,552,0.8794505226017796,0.7637162079160562,7.171,114
77,412490,B001277,b'Blumenthal',23,423,558,0.8804485998361598,0.7813435910941324,7.968,114
78,412323,S001181,b'Shaheen',24,426,560,0.8831194898656161,0.7838709786500256,12.151,114
80,400064,C000141,b'Cardin',25,427,587,0.8990080448508776,0.7840922844348907,13.347,114
82,300075,M001153,b'Murkowski',26,429,619,0.9036439037098032,0.7919327928221567,15.139,114
87,300100,W000779,b'Wyden',26,432,704,0.91669088551146,0.8251985063330428,24.502,114
94,300048,G000386,b'Grassley',26,452,711,0.9169499702345764,0.8869270592280452,28.486,114
108,300052,H000338,b'Hatch',28,457,760,0.9382707020676472,0.9058180887265196,31.275,114
140,400418,V000127,b'Vitter',40,479,989,1.0,1.0,32.271,114
