index,Age,Gender,Emotion,Race,Valence,Normalized_Valence,Weighted_Valence
John Fetterman senator,34.666666666666664,"[{'Woman': 0.0004268953034625156, 'Man': 99.99957084655762}, {'Woman': 0.10432900162413716, 'Man': 99.89566802978516}, {'Woman': 0.018885488680098206, 'Man': 99.98111128807068}, {'Woman': 0.006847796612419188, 'Man': 99.99315738677979}, {'Woman': 0.012319728557486087, 'Man': 99.98767375946045}, {'Woman': 0.003176811878802255, 'Man': 99.99682903289795}]","['sad', 'angry', 'sad', 'sad', 'fear', 'sad']","['middle eastern', 'latino hispanic', 'white', 'middle eastern', 'white', 'middle eastern']","[-95.08254092891661, -99.87983859033076, -99.98776795931336, -94.9819611152634, -98.82188162300736, -94.78087116258394]","[-0.8734943899974041, -0.9966211081774917, -0.9998773302682955, 1.002841591835022, -0.6081844726577401, -0.8456861101294635]","[-38.017393943426896, -39.951495582046284, -39.995107113154674, -37.598307435400784, -39.451978034339845, -37.89171763644845]"
John Barrasso senator,"[34, 50, 23, 47, 31, 25]","[{'Woman': 0.0037602225347654894, 'Man': 99.99624490737915}, {'Woman': 1.2269611470401287, 'Man': 98.77304434776306}, {'Woman': 3.0090106651186943, 'Man': 96.99099063873291}, {'Woman': 0.013679363473784178, 'Man': 99.98631477355957}, {'Woman': 0.01094359322451055, 'Man': 99.98905658721924}, {'Woman': 18.97696852684021, 'Man': 81.02303147315979}]","['happy', 'fear', 'fear', 'surprise', 'happy', 'fear']","['latino hispanic', 'white', 'white', 'white', 'latino hispanic', 'white']","[98.30227578671611, -84.65947463992052, -99.98666686780317, 37.80338945869062, 97.88507744913572, -85.30404616571249]","[98.30297586500444, 6.675019894493744, -0.9962161413210807, 68.59070603582563, 97.88507810915446, -0.8488855795418218]","[58.981506901986904, -32.344271746696904, -39.99392926684713, 28.9016935897871, 58.73104660281855, -34.120779096160696]"
Patrick J. Leahy senator,"[39, 56, 44, 55, 37, 46, 45]","[{'Woman': 0.24125000927597284, 'Man': 99.75875616073608}, {'Woman': 0.04466651880647987, 'Man': 99.95532631874084}, {'Woman': 0.14168262714520097, 'Man': 99.8583197593689}, {'Woman': 0.16498364275321364, 'Man': 99.83501434326172}, {'Woman': 0.06761279073543847, 'Man': 99.9323844909668}, {'Woman': 0.05079620750620961, 'Man': 99.94920492172241}, {'Woman': 0.5947887897491455, 'Man': 99.40521121025085}]","['happy', 'sad', 'happy', 'sad', 'happy', 'neutral', 'sad']","['white', 'white', 'white', 'white', 'white', 'white', 'white']","[97.5329801641732, -99.88916905433764, 22.95827847028135, -71.4636052493006, 71.55258209501882, -50.95963387183525, -92.52983701499033]","[97.53313494833485, -0.9581205932638274, 60.27922105631572, 0.013515068218111992, 72.64620612338855, 2.1269428782391775, -0.9055798825793318]","[58.51981936803151, -39.94743103642606, 21.314551442983834, -28.438340863212943, 43.15248340415669, -19.85121936349016, -37.007951273153594]"
Edward J. Markey senator,"[66, 55, 54, 38, 32, 46, 49]","[{'Woman': 0.1553345355205238, 'Man': 99.84466433525085}, {'Woman': 0.007057806215016171, 'Man': 99.9929428100586}, {'Woman': 0.012375303776934743, 'Man': 99.98762607574463}, {'Woman': 0.004289325079298578, 'Man': 99.99570846557617}, {'Woman': 1.7116222530603409, 'Man': 98.28837513923645}, {'Woman': 0.16235049115493894, 'Man': 99.83764886856079}, {'Woman': 0.4123047925531864, 'Man': 99.58769083023071}]","['fear', 'happy', 'happy', 'happy', 'fear', 'happy', 'angry']","['white', 'white', 'white', 'latino hispanic', 'white', 'latino hispanic', 'white']","[-97.6732813763339, 96.04915854055861, 91.92546817752832, 97.65548350499145, -55.64404835585779, 99.19714900514231, -20.498351519927382]","[-0.004527235673501218, 97.4385604881436, 94.51641132273375, 97.72700574303181, 0.538443016553954, 99.19715141559311, 38.632857501041144]","[-38.87290738324269, 57.910182386473544, 55.67870376413425, 58.60773903997272, -22.036430756461797, 59.51828989004514, -0.3533121198415756]"
Susan M. Collins senator,"[51, 50, 39, 46, 58, 49, 49]","[{'Woman': 0.8582871407270432, 'Man': 99.14171099662781}, {'Woman': 99.96302127838135, 'Man': 0.03697986248880625}, {'Woman': 99.980229139328, 'Man': 0.01976829516934231}, {'Woman': 99.85566735267639, 'Man': 0.14433105243369937}, {'Woman': 99.78182315826416, 'Man': 0.21817300003021955}, {'Woman': 3.6923591047525406, 'Man': 96.30763530731201}, {'Woman': 99.75608587265015, 'Man': 0.24391866754740477}]","['sad', 'happy', 'happy', 'fear', 'fear', 'fear', 'happy']","['white', 'white', 'white', 'asian', 'asian', 'white', 'white']","[-92.24865397956417, 99.04148271996985, 81.89309011650039, -37.9065896859595, -91.05720573074899, -13.997570246747706, 83.85430857695243]","[-0.8504069546111536, 99.42941030497408, 89.99297140918497, 27.87528215909196, 3.093333623421654, 36.5066943868465, 91.66911506729514]","[-36.88490005946517, 59.50325884107367, 50.77219372498803, -9.454686772171367, -35.61401245780886, 1.80433959611182, 51.891333932099286]"
Tammy Duckworth senator,"[35, 32, 36, 38, 41, 37, 29]","[{'Woman': 99.7893750667572, 'Man': 0.21062835585325956}, {'Woman': 99.99934434890747, 'Man': 0.0006577134627150372}, {'Woman': 23.967912793159485, 'Man': 76.03208422660828}, {'Woman': 98.8610565662384, 'Man': 1.1389362625777721}, {'Woman': 99.99977350234985, 'Man': 0.00022881549739395268}, {'Woman': 99.99943971633911, 'Man': 0.0005589410193351796}, {'Woman': 10.981179028749466, 'Man': 89.01881575584412}]","['happy', 'happy', 'neutral', 'surprise', 'happy', 'happy', 'neutral']","['asian', 'asian', 'white', 'white', 'asian', 'asian', 'latino hispanic']","[99.57626661968256, 99.96387294183788, 3.1696668060217625, 89.33552026445302, 99.91801347588861, 99.9963345821204, 24.061623328265977]","[99.5766201963756, 99.96387445351915, 5.20715858703144, 94.5467215308216, 99.92224565216476, 99.99633458233554, 24.528901980476025]","[59.74583140144449, 59.97832407049288, 2.3134145848271332, 54.654080091271524, 59.95166307063946, 59.9978007493157, 14.531373724678787]"
Mark R. Warner senator,"[26, 47, 26, 40, 48, 49, 38, 38, 49]","[{'Woman': 0.005104551019030623, 'Man': 99.99489784240723}, {'Woman': 0.022888238891027868, 'Man': 99.97711777687073}, {'Woman': 0.002610633055155631, 'Man': 99.99738931655884}, {'Woman': 0.002708849024202209, 'Man': 99.9972939491272}, {'Woman': 0.03552302659954876, 'Man': 99.96447563171387}, {'Woman': 0.04863633948843926, 'Man': 99.95136260986328}, {'Woman': 0.011309678666293621, 'Man': 99.98868703842163}, {'Woman': 0.013286000466905534, 'Man': 99.98670816421509}, {'Woman': 0.034942879574373364, 'Man': 99.96505975723267}]","['happy', 'neutral', 'happy', 'happy', 'angry', 'neutral', 'happy', 'angry', 'angry']","['white', 'white', 'white', 'white', 'white', 'white', 'white', 'white', 'white']","[98.32368533388944, -59.98083660379052, 99.45093668062947, 82.8704117563575, -91.04547143579111, -3.881701291281978, 99.96023976907509, -96.2369600078091, -51.63961946964264]","[98.55413905816386, 2.086376529186964, 99.47870862558756, 83.18050132973804, -0.8451817691384349, 0.4777787507160462, 99.96827366820594, 0.3992142982315272, 22.381381437182426]","[59.04076750826789, -23.449671026319265, 59.67617250230861, 49.78489141207319, -36.405002120736754, -1.4483177359817072, 59.97776687137048, -38.21971654891968, -16.030034124851227]"
Thomas R. Carper senator,"[31, 35, 52, 34, 40, 41, 52]","[{'Woman': 0.0090700967120938, 'Man': 99.99092817306519}, {'Woman': 0.024361720716115087, 'Man': 99.9756395816803}, {'Woman': 0.016119590145535767, 'Man': 99.98388290405273}, {'Woman': 0.0023701824829913676, 'Man': 99.99762773513794}, {'Woman': 0.03213899617549032, 'Man': 99.96786117553711}, {'Woman': 0.001197332858282607, 'Man': 99.99880790710449}, {'Woman': 0.020475374185480177, 'Man': 99.97952580451965}]","['sad', 'happy', 'happy', 'happy', 'sad', 'neutral', 'sad']","['white', 'white', 'white', 'white', 'white', 'white', 'white']","[-99.48564272744989, 98.95632848902001, 76.4894460863458, 98.7210365501886, -72.741908278557, -7.283769390778616, -98.22370603678877]","[-0.9840713925514137, 98.95632866400729, 76.55503414945727, 98.72778435376001, 8.951738624027843, 0.09512956091202796, -0.9365630037909257]","[-39.7920782960864, 59.373797128762966, 45.90691776556737, 59.23398512275384, -27.14137791610696, -2.879574977559969, -39.28025533257875]"
Sheldon Whitehouse senator,"[26, 47, 38, 51, 50, 39, 34, 43]","[{'Woman': 0.0008884384442353621, 'Man': 99.99910593032837}, {'Woman': 0.000312311726702319, 'Man': 99.99969005584717}, {'Woman': 0.004522188100963831, 'Man': 99.99548196792603}, {'Woman': 0.009800347470445558, 'Man': 99.99020099639893}, {'Woman': 0.003016375922015868, 'Man': 99.99698400497437}, {'Woman': 0.009735035564517602, 'Man': 99.9902606010437}, {'Woman': 0.02807696000672877, 'Man': 99.97192025184631}, {'Woman': 0.06917676073499024, 'Man': 99.93082284927368}]","['neutral', 'sad', 'sad', 'angry', 'sad', 'sad', 'angry', 'neutral']","['white', 'white', 'asian', 'latino hispanic', 'latino hispanic', 'latino hispanic', 'white', 'white']","[11.85475367466382, -72.13569225277752, -95.92391901021546, -99.94623225078385, -67.6543034351198, -54.39027957567553, -93.6157102463767, -44.013077598356176]","[22.398916051751584, -0.46064750757068396, -0.9592192177726204, -0.9854814511577388, -0.4525364114670083, -0.03357640355618641, 0.6242523724213243, -0.39818757522152737]","[9.242986018351374, -28.801608332432806, -38.36956356927214, -39.975668481858975, -27.016467510838993, -21.653015589421617, -37.131049861200154, -17.59675766545115]"
Joe Donnelly senator,"[47, 46, 44, 46, 51, 36]","[{'Woman': 0.003559862670954317, 'Man': 99.99643564224243}, {'Woman': 0.012834575318265706, 'Man': 99.98716115951538}, {'Woman': 0.012730617891065776, 'Man': 99.98726844787598}, {'Woman': 0.01992623438127339, 'Man': 99.98007416725159}, {'Woman': 0.000813782935438212, 'Man': 99.99918937683105}, {'Woman': 0.01727454218780622, 'Man': 99.98273253440857}]","['happy', 'happy', 'sad', 'happy', 'neutral', 'sad']","['latino hispanic', 'latino hispanic', 'latino hispanic', 'latino hispanic', 'asian', 'asian']","[99.95338071381781, 99.86248373288333, -95.31771028352257, 88.70908530010512, -41.045746325447936, -91.20235659551112]","[99.95370011332625, 99.86256694499241, -0.30079351505118435, 88.90941324811075, 0.4171429720680696, -0.9061213107812056]","[59.972092953443905, 59.917507050257086, -37.99528944921023, 53.26592147258946, -16.25110652304331, -36.47975026342184]"
Bernard Sanders senator,"[49, 27, 39, 54, 35, 38, 39, 58]","[{'Woman': 0.030981877353042364, 'Man': 99.96901750564575}, {'Woman': 17.329874634742737, 'Man': 82.6701283454895}, {'Woman': 0.06932377000339329, 'Man': 99.93067979812622}, {'Woman': 0.46662851236760616, 'Man': 99.5333731174469}, {'Woman': 0.21314986515790224, 'Man': 99.78684186935425}, {'Woman': 0.010279563866788521, 'Man': 99.98972415924072}, {'Woman': 0.03871737571898848, 'Man': 99.96128678321838}, {'Woman': 0.04625546280294657, 'Man': 99.9537467956543}]","['fear', 'fear', 'happy', 'angry', 'fear', 'sad', 'happy', 'fear']","['white', 'white', 'white', 'white', 'asian', 'asian', 'white', 'white']","[-99.01979343856296, -99.02269268553107, 98.59637470847815, -84.12831723690033, -23.82468281991752, -82.35598969480245, 99.99658387870159, -34.45530491912274]","[-0.5276265384845231, -0.9356575150432471, 98.5978287174633, -0.6008777171373367, 36.221341094156564, -0.7983103362893123, 99.99659555511133, 32.10005720859857]","[-39.51446860857648, -39.59805295061404, 59.15811856427581, -33.60276013612747, -2.1642998103193847, -32.93729495657579, 59.99795268609161, -7.227655248903684]"
Jon Ossoff senator,"[26, 29, 31, 32, 28, 28, 28]","[{'Woman': 0.011358594929333776, 'Man': 99.98863935470581}, {'Woman': 0.049720925744622946, 'Man': 99.95027780532837}, {'Woman': 0.02100716665154323, 'Man': 99.97898936271667}, {'Woman': 0.0033360345696564764, 'Man': 99.99666213989258}, {'Woman': 23.68844300508499, 'Man': 76.3115644454956}, {'Woman': 0.006200572533998638, 'Man': 99.99380111694336}, {'Woman': 0.00016129619098137482, 'Man': 99.99983310699463}]","['sad', 'happy', 'sad', 'neutral', 'happy', 'neutral', 'fear']","['white', 'white', 'white', 'white', 'white', 'white', 'white']","[-97.74939683265984, 99.99813275836961, -95.64536634305998, -2.2876687169634224, 98.90142019982298, -12.499760673409918, -99.73912515270058]","[-0.31560120545327663, 99.99816519657098, -0.9556186852991468, 0.542190051037383, 99.44497269840942, -0.059020262160716985, -0.9353324301773682]","[-38.96604302339256, 59.99888620819375, -38.257977854773195, -0.8009125901778907, 59.4506607054668, -4.986575512884496, -39.88311292545404]"
Jon Tester senator,"[42, 52, 43, 29, 41, 33, 25]","[{'Woman': 0.038185520679689944, 'Man': 99.96181726455688}, {'Woman': 0.014913154882378876, 'Man': 99.9850869178772}, {'Woman': 0.6627029273658991, 'Man': 99.33730363845825}, {'Woman': 0.014839236973784864, 'Man': 99.98515844345093}, {'Woman': 2.257370948791504, 'Man': 97.74263501167297}, {'Woman': 0.03525649372022599, 'Man': 99.96473789215088}, {'Woman': 0.014066751464270055, 'Man': 99.98593330383301}]","['happy', 'neutral', 'neutral', 'happy', 'sad', 'angry', 'happy']","['white', 'white', 'white', 'white', 'white', 'white', 'white']","[88.82617470200074, -36.94733591983095, -7.427309304330265, 99.99921321809553, -93.53876295463124, -99.84301585901218, 99.9998331069984]","[91.84951362498552, 1.3467497141100466, 20.969866711326176, 99.99921321879746, 1.4975380323739955, -0.923124916985599, 99.99983310700087]","[53.90648036119737, -14.432222635950893, 1.2804176528879907, 59.999527930999115, -36.92400504813122, -39.921993163482746, 59.999899864199534]"
Dianne Feinstein senator,"[50, 36, 55, 40, 52, 37, 42]","[{'Woman': 99.79965090751648, 'Man': 0.2003405475988984}, {'Woman': 0.13606753200292587, 'Man': 99.86392855644226}, {'Woman': 99.99953508377075, 'Man': 0.00046121454033709597}, {'Woman': 3.393147513270378, 'Man': 96.60685658454895}, {'Woman': 97.92656302452087, 'Man': 2.073436416685581}, {'Woman': 32.07226097583771, 'Man': 67.92774200439453}, {'Woman': 99.99998807907104, 'Man': 1.5634603300895833e-05}]","['neutral', 'sad', 'happy', 'fear', 'neutral', 'neutral', 'happy']","['white', 'white', 'white', 'white', 'white', 'white', 'white']","[-0.10090807580809269, -98.06008126002142, 99.78430788388368, -99.95301728854429, 11.632313556037843, 3.930221707083022e-06, 1.974913991423783]","[0.010122669919383043, -0.9804458678281665, 99.7844278452382, -0.9762804257497919, 13.848901479505002, 5.401740322958189e-06, 50.49682207479757]","[-0.038114391802537284, -39.224001202034415, 59.87060896494728, -39.97650999680445, 7.4271836737170815, 2.655409512305402e-06, 10.987354068263112]"
Todd Young senator,"[28, 42, 35, 46, 38, 40, 42, 45]","[{'Woman': 37.56598234176636, 'Man': 62.43401765823364}, {'Woman': 0.000516926320415223, 'Man': 99.99948740005493}, {'Woman': 0.0006782827767892741, 'Man': 99.99932050704956}, {'Woman': 0.0005682120900019072, 'Man': 99.99942779541016}, {'Woman': 66.84826016426086, 'Man': 33.15173089504242}, {'Woman': 0.0001045489057105442, 'Man': 99.9998927116394}, {'Woman': 0.0004562979938782519, 'Man': 99.9995470046997}, {'Woman': 0.00030661710752610816, 'Man': 99.99969005584717}]","['fear', 'happy', 'happy', 'happy', 'sad', 'happy', 'sad', 'happy']","['white', 'white', 'white', 'white', 'white', 'white', 'middle eastern', 'white']","[-68.49390518043492, 97.097140280054, 62.35090157700022, 99.99885684585372, -59.36291372415657, 99.48445789156105, -74.60038104909472, 99.78060120269306]","[-0.6822956130605462, 97.09819256865315, 68.71005626573447, 99.99928356149837, -0.5936290926008767, 99.48447265078265, 0.7709799057338387, 99.78060126902612]","[-27.397028044144918, 58.258496751587785, 38.695218661095936, 59.99940031269297, -23.745165480644307, 59.690677716597556, -29.5336910628248, 59.86836073501645]"
John Kennedy senator,"[33, 43, 48, 25, 30, 44, 41]","[{'Woman': 0.030405333382077515, 'Man': 99.96960163116455}, {'Woman': 10.156212002038956, 'Man': 89.84379172325134}, {'Woman': 7.601497322320938, 'Man': 92.39850640296936}, {'Woman': 93.20996403694153, 'Man': 6.7900314927101135}, {'Woman': 0.001147902094089659, 'Man': 99.99885559082031}, {'Woman': 1.399089302867651, 'Man': 98.60091805458069}, {'Woman': 0.02432168403174728, 'Man': 99.97567534446716}]","['fear', 'happy', 'happy', 'sad', 'sad', 'happy', 'neutral']","['white', 'middle eastern', 'white', 'asian', 'white', 'white', 'white']","[-76.14854797720909, 81.31797072319387, 99.64973651909162, -91.03869044114809, -95.65583875209805, 95.60254948919464, -13.845863674356774]","[-0.5969344712793827, 82.206999421197, 99.78804949179522, -0.9103868834514968, -0.9108140257101549, 95.62656411264106, -0.13839390641362898]","[-30.42617656290531, 48.97038419108867, 59.81778392614257, -36.4154761722249, -38.25309421562491, 57.36638113259687, -5.538332392908379]"
Lindsey Graham senator,"[39, 51, 40, 40, 50, 35, 46]","[{'Woman': 1.8745671957731247, 'Man': 98.12543392181396}, {'Woman': 0.2631860552355647, 'Man': 99.73681569099426}, {'Woman': 36.56984269618988, 'Man': 63.43016028404236}, {'Woman': 0.2579048741608858, 'Man': 99.74209070205688}, {'Woman': 0.2885909518226981, 'Man': 99.71140623092651}, {'Woman': 33.1827312707901, 'Man': 66.81726574897766}, {'Woman': 0.7741473149508238, 'Man': 99.22584891319275}]","['neutral', 'happy', 'happy', 'angry', 'fear', 'neutral', 'happy']","['white', 'white', 'white', 'white', 'white', 'white', 'white']","[-11.246225163115572, 90.04633343564237, 99.81836390514033, -85.41675179731101, -59.833369590342045, -43.455879857682426, 99.82138238619832]","[2.3211255115941474, 90.04919650383712, 99.81839307271491, 5.041292590089142, 16.941166505217552, -0.4109376886754826, 99.82138485554515]","[-4.006856173685562, 54.02837845900052, 59.8910242355235, -32.975698676891625, -20.390014462172985, -17.377580001678762, 59.89282993057694]"
Ron Wyden senator,"[43, 36, 26, 37, 49, 41, 39]","[{'Woman': 0.17856743652373552, 'Man': 99.82143640518188}, {'Woman': 0.06945040076971054, 'Man': 99.93054866790771}, {'Woman': 0.0408501218771562, 'Man': 99.95915293693542}, {'Woman': 0.08662805776111782, 'Man': 99.91337656974792}, {'Woman': 0.036731440923176706, 'Man': 99.9632716178894}, {'Woman': 0.48815105110406876, 'Man': 99.5118498802185}, {'Woman': 0.2662929240614176, 'Man': 99.73370432853699}]","['angry', 'happy', 'happy', 'fear', 'angry', 'happy', 'happy']","['white', 'white', 'white', 'white', 'white', 'white', 'white']","[-97.7059579861816, 99.99927990804804, 99.99985395090204, -97.45917129330337, -93.48774662939832, 99.99994047364798, 99.99997617926267]","[-0.7832210769411176, 99.99929533976803, 99.99985448071698, -0.3689054697751999, -0.7062070579268038, 99.99994049250516, 99.99997618585728]","[-39.04322390095331, 59.99957106234802, 59.99991247757455, -38.861307660117745, -37.34890260966495, 59.99996428799832, 59.99998570888985]"
Amy Klobuchar senator,"[36, 38, 32, 24, 42, 36, 36]","[{'Woman': 15.813137590885162, 'Man': 84.18686389923096}, {'Woman': 98.41184616088867, 'Man': 1.5881525352597237}, {'Woman': 49.33300018310547, 'Man': 50.66699981689453}, {'Woman': 8.072562515735626, 'Man': 91.92743301391602}, {'Woman': 99.80996251106262, 'Man': 0.1900415401905775}, {'Woman': 99.80981945991516, 'Man': 0.19017959712073207}, {'Woman': 0.10416175937280059, 'Man': 99.89583492279053}]","['sad', 'sad', 'happy', 'happy', 'happy', 'happy', 'happy']","['white', 'white', 'white', 'white', 'white', 'white', 'white']","[-99.99067745515669, -65.5342948390171, 99.90023725961865, 99.99981315583081, 99.99994648166538, 99.99763968742809, 90.83923475118354]","[-0.9969793892925575, 0.053884644992649555, 99.91282033436909, 99.99989191609542, 99.9999465126111, 99.99763968752886, 94.19453242246527]","[-39.99567959110126, -26.070439633913338, 59.94268439107431, 59.99990380466305, 59.99996789525089, 59.998583812477214, 55.18137876410037]"
Charles E. Schumer senator,"[41, 35, 59, 27, 23]","[{'Woman': 0.1322376076132059, 'Man': 99.86775517463684}, {'Woman': 0.07576304487884045, 'Man': 99.92424249649048}, {'Woman': 0.027604549541138113, 'Man': 99.97239708900452}, {'Woman': 0.0016838093870319426, 'Man': 99.99831914901733}, {'Woman': 0.0011768089279939886, 'Man': 99.99881982803345}]","['happy', 'happy', 'angry', 'happy', 'happy']","['white', 'white', 'middle eastern', 'middle eastern', 'middle eastern']","[98.77252493708137, 85.55166149336735, -99.97395862695802, 99.21899767320387, 99.99322895502019]","[98.94383366217959, 85.5970269707966, -0.9995853251317147, 99.5264145562267, 99.99355824126121]","[59.298122785500986, 51.34016163893541, -39.98955228691698, 59.59350302473502, 59.996003895485046]"
#tmp#,"[34, 31, 34, 36, 49, 31, 33]","[{'Woman': 3.0569346621632576, 'Man': 96.9430685043335}, {'Woman': 0.0002887580421884195, 'Man': 99.99971389770508}, {'Woman': 3.857890078506898e-05, 'Man': 99.99996423721313}, {'Woman': 99.91872906684875, 'Man': 0.08127297624014318}, {'Woman': 0.011224073386983946, 'Man': 99.98877048492432}, {'Woman': 23.79823327064514, 'Man': 76.20177268981934}, {'Woman': 0.0033799438824644312, 'Man': 99.99661445617676}]","['disgust', 'sad', 'fear', 'happy', 'fear', 'sad', 'sad']","['white', 'middle eastern', 'white', 'white', 'white', 'white', 'white']","[-15.400695297284983, -84.77597957944454, -69.24520131765668, 30.09912534544128, -98.58856634846259, -100.00000008372784, -96.09771801960783]","[16.993991058901884, -0.8413646882581816, -0.5634182118193858, 64.69738153018989, -0.29163303660649276, -1.0000000008372785, -0.9608278410615156]","[-2.696036096313037, -33.9090998908614, -27.672013092445063, 25.049021911254385, -39.295173483450064, -40.00000003349114, -38.439057038320996]"
Kirsten E. Gillibrand senator,"[41, 25, 30, 32, 32]","[{'Woman': 74.84167218208313, 'Man': 25.158321857452393}, {'Woman': 76.9725501537323, 'Man': 23.027445375919342}, {'Woman': 99.66031312942505, 'Man': 0.3396812127903104}, {'Woman': 99.92879033088684, 'Man': 0.07121700909920037}, {'Woman': 99.93345141410828, 'Man': 0.06654041353613138}]","['neutral', 'happy', 'happy', 'happy', 'happy']","['white', 'white', 'white', 'white', 'white']","[9.716510446742177, 97.15157424233212, 99.15004970207306, 96.98497100287808, 96.803479430412]","[24.961217338219285, 97.23871195708341, 99.47278723372582, 96.98497101007843, 98.3828763182866]","[8.909645034000278, 58.308548124136905, 59.55522932258783, 58.19098260318146, 58.401157736605704]"
Tom Cotton senator,"[29, 25, 34, 35, 33, 30, 34]","[{'Woman': 0.008276743756141514, 'Man': 99.99172687530518}, {'Woman': 0.0024908917112043127, 'Man': 99.99750852584839}, {'Woman': 0.08679528837092221, 'Man': 99.91320967674255}, {'Woman': 0.005010032327845693, 'Man': 99.99499320983887}, {'Woman': 0.00014824909158051014, 'Man': 99.99985694885254}, {'Woman': 0.02758040209300816, 'Man': 99.97242093086243}, {'Woman': 0.03366395831108093, 'Man': 99.96633529663086}]","['happy', 'angry', 'angry', 'sad', 'happy', 'happy', 'happy']","['white', 'middle eastern', 'white', 'middle eastern', 'middle eastern', 'white', 'white']","[99.94759849425516, -92.22157749172766, -84.88879650831223, -81.12570281937792, 99.67480423976261, 99.70135480954517, 99.9909121011998]","[99.94759977703053, -0.5957536810310557, 6.248436845839024, -0.8095853501565671, 99.67480541839491, 99.70136325580499, 99.9909169217796]","[59.96855935569964, -36.82267905853223, -32.521715611219406, -32.44994341501638, 59.804882781965105, 59.82081459204221, 59.994548234574374]"
Debbie Stabenow senator,"[26, 44, 55, 31, 41, 58, 53, 39]","[{'Woman': 25.273960828781128, 'Man': 74.72604513168335}, {'Woman': 99.99653100967407, 'Man': 0.00347408713423647}, {'Woman': 99.8247504234314, 'Man': 0.17524624709039927}, {'Woman': 99.97681975364685, 'Man': 0.023176285321824253}, {'Woman': 99.37822222709656, 'Man': 0.6217827089130878}, {'Woman': 99.99932050704956, 'Man': 0.0006737730018357979}, {'Woman': 99.99972581863403, 'Man': 0.0002724505065998528}, {'Woman': 95.1722502708435, 'Man': 4.827742651104927}]","['neutral', 'happy', 'happy', 'happy', 'neutral', 'happy', 'fear', 'sad']","['white', 'white', 'white', 'white', 'white', 'white', 'white', 'white']","[-47.93489229724628, 99.99832658300062, 97.11812339276851, 74.62774212472141, 18.876966027183556, 99.99890269634018, -22.989930884312443, -97.09226397098973]","[-0.2134281123672963, 99.99832664662513, 97.33531988572663, 84.50472088588867, 36.655690081838934, 99.99890702593619, 37.87190917069296, -0.4572548312135041]","[-19.12023554301868, 59.9989959626538, 58.31475211504658, 46.7719945195131, 14.917841041493038, 59.999342492469964, -1.498637307354052, -38.73313431395218]"
Marco Rubio senator,"[30, 44, 27, 24, 32, 25, 26, 40]","[{'Woman': 0.14529243344441056, 'Man': 99.85470175743103}, {'Woman': 0.7714642211794853, 'Man': 99.22853708267212}, {'Woman': 0.05405736737884581, 'Man': 99.9459445476532}, {'Woman': 0.047312991227954626, 'Man': 99.9526858329773}, {'Woman': 0.23397894110530615, 'Man': 99.76601600646973}, {'Woman': 0.023451607557944953, 'Man': 99.97654557228088}, {'Woman': 0.0556949176825583, 'Man': 99.9442994594574}, {'Woman': 0.17572413198649883, 'Man': 99.8242735862732}]","['neutral', 'happy', 'surprise', 'angry', 'sad', 'fear', 'neutral', 'neutral']","['white', 'latino hispanic', 'latino hispanic', 'latino hispanic', 'latino hispanic', 'latino hispanic', 'white', 'latino hispanic']","[-59.4496763949901, 97.27471213009038, 43.70923302117262, -95.35149144093276, -73.96316486701835, -89.47876283149489, -60.63444616281686, -46.26264780806094]","[-0.22688834097543015, 98.62366296162362, 71.13982288706575, -0.8439327756641826, -0.6233957308577374, -0.8902018053917973, -0.6052850914120427, 1.369837114177831]","[-23.705606230122413, 58.637342597555886, 31.76707311894461, -38.118458770566, -29.561783943208866, -35.7905787037246, -24.253564450941667, -18.134864458121662]"
Benjamin L. Cardin senator,"[56, 61, 50, 41, 32, 39, 54, 51]","[{'Woman': 0.18583001801744103, 'Man': 99.81416463851929}, {'Woman': 0.14035545755177736, 'Man': 99.85964894294739}, {'Woman': 0.044231099309399724, 'Man': 99.95576739311218}, {'Woman': 0.05360011709854007, 'Man': 99.94639754295349}, {'Woman': 0.059288006741553545, 'Man': 99.9407172203064}, {'Woman': 0.3295768052339554, 'Man': 99.67042803764343}, {'Woman': 0.035667739575728774, 'Man': 99.9643325805664}, {'Woman': 0.35551367327570915, 'Man': 99.64448809623718}]","['happy', 'happy', 'happy', 'angry', 'sad', 'sad', 'angry', 'happy']","['asian', 'asian', 'asian', 'asian', 'white', 'white', 'white', 'asian']","[99.98029660168524, 98.95013708191982, 99.77564839817809, -66.4117421489209, -99.92116159645548, -33.50297695542395, -61.53471897190625, 71.71687769226746]","[99.98056190851808, 99.46333014708216, 99.7757108357126, 0.23014281131327152, -0.9975422685051853, 18.857836055234657, 0.6684724882079652, 83.71280053315613]","[59.98823155835111, 59.473757615851355, 59.86540165255019, -26.384038226678967, -39.96812739667121, -9.523844150899095, -24.354530078070173, 45.45354537109556]"
Tammy Baldwin senator,"[37, 42, 46, 31, 34, 33, 45, 24]","[{'Woman': 1.4884148724377155, 'Man': 98.51158261299133}, {'Woman': 21.01111114025116, 'Man': 78.98889780044556}, {'Woman': 1.2912861071527004, 'Man': 98.70871305465698}, {'Woman': 0.6466785911470652, 'Man': 99.35332536697388}, {'Woman': 0.4196770489215851, 'Man': 99.58032965660095}, {'Woman': 15.15616774559021, 'Man': 84.84383225440979}, {'Woman': 95.23895382881165, 'Man': 4.761043936014175}, {'Woman': 12.210623919963837, 'Man': 87.78938055038452}]","['happy', 'neutral', 'happy', 'fear', 'sad', 'fear', 'happy', 'neutral']","['asian', 'white', 'white', 'latino hispanic', 'white', 'white', 'white', 'white']","[95.78068022544599, 6.707465462386608, 99.97519311651006, -96.67922241938955, -95.4646055865851, -53.65737648680806, 91.85081684263423, -3.663611149202935]","[97.86229772039351, 20.487266566604376, 99.98632157475271, 0.6762521873772798, -0.8858849312928214, 22.402996937278658, 92.44187793147285, -0.03393084559110494]","[57.88893692212568, 6.808277480304241, 59.98736404328839, -38.33976080380205, -38.17195109835666, -16.828693887218833, 55.229896386153996, -1.4648979413173508]"
Jerry Moran senator,"[35, 46, 26, 33, 40, 38, 41]","[{'Woman': 0.15065696788951755, 'Man': 99.84934329986572}, {'Woman': 0.3245337400585413, 'Man': 99.67547059059143}, {'Woman': 35.645732283592224, 'Man': 64.35426473617554}, {'Woman': 0.08955213124863803, 'Man': 99.91044402122498}, {'Woman': 0.2095635747537017, 'Man': 99.79044198989868}, {'Woman': 0.14921125257387757, 'Man': 99.85079169273376}, {'Woman': 0.22783027961850166, 'Man': 99.77217316627502}]","['happy', 'angry', 'neutral', 'happy', 'happy', 'sad', 'happy']","['white', 'white', 'white', 'white', 'white', 'white', 'white']","[99.90516698978264, -98.04233458680977, -13.43631167546846, 99.9860422695194, 99.80180053849884, -92.86958219890948, 99.66269956930934]","[99.90539038785334, -0.27266246005929773, -0.07939126552082598, 99.98605402475157, 99.88002613119076, -0.8591200601076707, 99.66370679632244]","[59.94314532479295, -39.07395183759082, -5.363419245695695, 59.99162773650602, 59.89688347313807, -37.1337771700928, 59.797823221790274]"
Martin Heinrich senator,"[45, 27, 28, 34, 35, 30, 41, 29, 39]","[{'Woman': 0.000654705218039453, 'Man': 99.99934434890747}, {'Woman': 0.005271814006846398, 'Man': 99.99473094940186}, {'Woman': 0.008580479334341362, 'Man': 99.99141693115234}, {'Woman': 0.00017978245523408987, 'Man': 99.99982118606567}, {'Woman': 13.186854124069214, 'Man': 86.81315183639526}, {'Woman': 2.5070935487747192, 'Man': 97.49290347099304}, {'Woman': 0.012855582463089377, 'Man': 99.98713731765747}, {'Woman': 0.010114150063600391, 'Man': 99.98987913131714}, {'Woman': 0.0644450425170362, 'Man': 99.93554949760437}]","['neutral', 'sad', 'neutral', 'angry', 'sad', 'neutral', 'neutral', 'sad', 'neutral']","['white', 'latino hispanic', 'white', 'white', 'white', 'white', 'white', 'white', 'white']","[-47.74120185757056, -96.2796673577941, -6.86259518816398, -82.13867987215053, -69.53158587104102, 21.57169245183468, 41.010879562125524, -93.90651483247439, 14.240679054091743]","[-0.19374515861272812, -0.9611811683244014, 1.179429515877759, 0.42549277760554105, -0.6950758896737526, 35.49093068949878, 41.02457435566305, -0.9376560614482514, 15.419496283495391]","[-19.039174306672066, -38.511540578419954, -2.4929056575364212, -32.60357708495576, -27.812585869823145, 15.75498279184103, 24.60929436223239, -37.5623212689743, 8.782552327284066]"
Bill Nelson senator,"[35, 41, 42, 51, 37, 41, 32]","[{'Woman': 27.991914749145508, 'Man': 72.00808525085449}, {'Woman': 0.006097447476349771, 'Man': 99.993896484375}, {'Woman': 0.9000277146697044, 'Man': 99.09997582435608}, {'Woman': 0.13822793262079358, 'Man': 99.86177682876587}, {'Woman': 0.10626075090840459, 'Man': 99.89374279975891}, {'Woman': 0.8178838528692722, 'Man': 99.18211698532104}, {'Woman': 0.1771593582816422, 'Man': 99.8228371143341}]","['sad', 'happy', 'sad', 'neutral', 'happy', 'happy', 'angry']","['white', 'white', 'white', 'white', 'white', 'white', 'white']","[-76.92966320921641, 99.99945163942417, -93.017015072303, -0.03886675051489874, 99.54827487322291, 99.99750198251311, -95.21521054557525]","[10.513665018573192, 99.99945163964843, -0.880288455421212, 0.6892697718349154, 99.75811857447252, 99.9975111472079, 0.43248885520733893]","[-28.49247909163296, 59.9996709836998, -37.19672891875922, 0.12377823703445756, 59.77135759085286, 59.99850304096136, -37.806358771631494]"
Elizabeth Warren senator,"[44, 28, 51, 29, 35, 39]","[{'Woman': 25.50274431705475, 'Man': 74.49725270271301}, {'Woman': 46.18532061576843, 'Man': 53.814685344696045}, {'Woman': 67.79579520225525, 'Man': 32.20419883728027}, {'Woman': 97.25614190101624, 'Man': 2.743850275874138}, {'Woman': 28.695008158683777, 'Man': 71.30498886108398}, {'Woman': 99.55770969390869, 'Man': 0.4422898404300213}]","['fear', 'happy', 'angry', 'happy', 'sad', 'neutral']","['white', 'latino hispanic', 'white', 'asian', 'white', 'latino hispanic']","[-73.9679316323643, 99.53038281948754, -98.83534866303646, 97.43270628346167, -92.03350184216106, -2.01907554014178]","[10.205658016519017, 99.62872617769445, -0.41798149154029574, 98.7014853458791, -0.41062624855840113, -0.0201907545205933]","[-27.375993393785585, 59.73809703678482, -39.41891279953982, 58.71594277258557, -36.71042926820519, -0.8076302158787678]"
Kelly Loeffler senator,"[39, 34, 33, 39, 33, 34, 35, 34, 34]","[{'Woman': 100.0, 'Man': 1.2776074420628447e-06}, {'Woman': 2.026701532304287, 'Man': 97.97329902648926}, {'Woman': 99.99967813491821, 'Man': 0.00032658770123816794}, {'Woman': 100.0, 'Man': 2.8913994754020678e-06}, {'Woman': 99.99998807907104, 'Man': 9.607575179870764e-06}, {'Woman': 99.98223185539246, 'Man': 0.01776853168848902}, {'Woman': 99.95554089546204, 'Man': 0.044462698861025274}, {'Woman': 61.54729127883911, 'Man': 38.45270574092865}, {'Woman': 99.99963045120239, 'Man': 0.00037233924103929894}]","['happy', 'fear', 'sad', 'happy', 'happy', 'fear', 'happy', 'neutral', 'happy']","['white', 'white', 'white', 'white', 'white', 'white', 'white', 'white', 'white']","[99.25650758868301, -37.95109635393601, -45.8409071982075, 97.62145622751702, 68.56729479914065, -98.29627029284893, 8.446028290200047, -0.009525119709139516, 99.98505712784215]","[99.257725007852, 30.332695075310767, 21.323840174568602, 97.62422572307668, 74.50927969775512, -0.14112264319919632, 53.66144068373251, -6.087499101767889e-05, 99.98505712799363]","[59.55415049647627, -8.975952473119833, -13.935908486040441, 58.573433230562664, 42.340777869103476, -39.14843941820436, 14.202043720288202, -0.0038031031955601067, 59.99103427673589]"
Cory A. Booker senator,"[34, 30, 31, 29, 29, 33, 30, 30]","[{'Woman': 0.036739843199029565, 'Man': 99.96325969696045}, {'Woman': 0.04068695707246661, 'Man': 99.9593198299408}, {'Woman': 0.007174516213126481, 'Man': 99.99282360076904}, {'Woman': 0.049775949446484447, 'Man': 99.9502182006836}, {'Woman': 0.08699615718796849, 'Man': 99.91300702095032}, {'Woman': 0.0313164695398882, 'Man': 99.96868371963501}, {'Woman': 0.019432080443948507, 'Man': 99.9805748462677}, {'Woman': 0.006027351264492609, 'Man': 99.99396800994873}]","['sad', 'fear', 'sad', 'happy', 'sad', 'fear', 'fear', 'neutral']","['black', 'white', 'black', 'black', 'black', 'black', 'black', 'black']","[-90.68773663342759, -99.98980988396937, -48.05328387301415, 99.71829573769355, -97.33447595036725, -59.27890211203248, -99.62297550537187, -50.7580655394122]","[-0.9058130675582787, -0.9948533449787078, 25.21468396950513, 99.85747687380353, -0.9114481620096438, 19.564070606217683, -0.8542523304422502, 6.7707063080742955]","[-36.274879643517295, -39.99490481139361, -14.03036065865308, 59.85909484385047, -38.9212860170168, -19.639467990805315, -39.82050789414643, -18.832865213043988]"
Christopher Murphy senator,"[28, 39, 34, 26, 27, 37, 30, 35]","[{'Woman': 0.0772657454945147, 'Man': 99.92272853851318}, {'Woman': 0.4392373841255903, 'Man': 99.56076741218567}, {'Woman': 1.7596252262592316, 'Man': 98.24037551879883}, {'Woman': 0.03748563176486641, 'Man': 99.96250867843628}, {'Woman': 0.038837516331113875, 'Man': 99.96116757392883}, {'Woman': 0.021079920406918973, 'Man': 99.97891783714294}, {'Woman': 0.11519552208483219, 'Man': 99.88480806350708}, {'Woman': 1.5210333280265331, 'Man': 98.47896695137024}]","['happy', 'happy', 'neutral', 'neutral', 'happy', 'neutral', 'surprise', 'happy']","['white', 'white', 'white', 'white', 'white', 'white', 'white', 'white']","[99.99672515476274, 96.18511545122601, 20.977715103072114, -16.652286029420793, 92.06750004480972, -0.2553155199005759, 88.60264164941327, 96.66254349973674]","[99.99672908162779, 97.81501767545706, 20.99649905259139, 7.296586685813963, 92.13437309495956, -0.0009297454643563457, 94.23528039690791, 96.66592959450031]","[59.99803588616371, 58.04034244734794, 12.59042379911989, -5.153215513564646, 55.254009733986805, -0.10179824639767492, 54.29949180732365, 57.99821015939023]"
Eric Schmitt senator,"[45, 42, 40, 36, 44, 40, 45, 37]","[{'Woman': 0.3776215249672532, 'Man': 99.62238073348999}, {'Woman': 0.0032441905204905197, 'Man': 99.99675750732422}, {'Woman': 0.04601652908604592, 'Man': 99.9539852142334}, {'Woman': 0.026507177972234786, 'Man': 99.97349381446838}, {'Woman': 0.2500710543245077, 'Man': 99.74992871284485}, {'Woman': 0.399806909263134, 'Man': 99.60018992424011}, {'Woman': 0.10418131714686751, 'Man': 99.89582300186157}, {'Woman': 0.11821761727333069, 'Man': 99.88177418708801}]","['happy', 'fear', 'happy', 'happy', 'happy', 'happy', 'sad', 'happy']","['white', 'white', 'white', 'white', 'white', 'white', 'white', 'white']","[95.85846125017561, -93.33982557291165, 99.71810616210105, 89.72650786465692, 90.71797936044538, 91.48699258959674, -94.71854058938334, 98.75046252166263]","[95.85904468886027, -0.5291727264411747, 99.71810630745937, 89.95325347034782, 90.73919022255438, 91.48705144276954, 1.5968359382241033, 98.75046264864554]","[57.51519461650631, -37.25426850607619, 59.83086372662594, 53.88171191186302, 54.43507263891551, 54.8922074432879, -37.373472529870924, 59.25027753865069]"
Cindy Hyde-Smith senator,"[39, 49, 35, 37, 51, 42, 34]","[{'Woman': 14.551660418510437, 'Man': 85.4483425617218}, {'Woman': 99.66771602630615, 'Man': 0.3322792472317815}, {'Woman': 93.72791647911072, 'Man': 6.272085011005402}, {'Woman': 99.99840259552002, 'Man': 0.0015942274330882356}, {'Woman': 99.99860525131226, 'Man': 0.0013943357771495357}, {'Woman': 99.99642372131348, 'Man': 0.0035724082408705726}, {'Woman': 98.04795980453491, 'Man': 1.9520355388522148}]","['happy', 'happy', 'sad', 'happy', 'happy', 'happy', 'sad']","['white', 'white', 'white', 'white', 'white', 'white', 'white']","[48.90758655965328, 11.469085089629516, -63.92732774573773, 97.26378825271163, 99.98131478300914, 85.92810331172859, -61.73745449632406]","[73.5218837945722, 45.20082859887043, -0.6350479825904927, 97.26467623296152, 99.98136814493999, 85.92897647985349, 3.6284285336732864]","[34.31713723577559, 13.695944692008197, -25.570077503372488, 58.358452341576445, 59.98879964999353, 51.55703838463815, -23.837243802845478]"
Tina Smith senator,"[37, 45, 42, 43, 53]","[{'Woman': 99.99665021896362, 'Man': 0.0033439813705626875}, {'Woman': 99.98747110366821, 'Man': 0.012532580876722932}, {'Woman': 55.00282049179077, 'Man': 44.99718248844147}, {'Woman': 98.22028875350952, 'Man': 1.7797136679291725}, {'Woman': 99.08814430236816, 'Man': 0.9118590503931046}]","['happy', 'happy', 'happy', 'happy', 'happy']","['white', 'white', 'white', 'white', 'white']","[98.74101846017282, 99.99905681591949, 99.99388456411111, 99.64824914668108, 95.82362836036317]","[99.35084631944363, 99.99924115902454, 99.99388456411165, 99.64824915048878, 97.6919501143827]","[59.36780862343113, 59.99947133058301, 59.996330738466774, 59.78894948877788, 57.87161575440366]"
Joni Ernst senator,"[25, 29, 27, 26, 33, 25, 33, 39]","[{'Woman': 50.64964294433594, 'Man': 49.3503600358963}, {'Woman': 93.56813430786133, 'Man': 6.431864947080612}, {'Woman': 90.45954942703247, 'Man': 9.54044833779335}, {'Woman': 97.36136794090271, 'Man': 2.638627775013447}, {'Woman': 99.99443292617798, 'Man': 0.0055662705563008785}, {'Woman': 99.99755620956421, 'Man': 0.002437880903016776}, {'Woman': 99.97413754463196, 'Man': 0.025861250469461083}, {'Woman': 90.06630182266235, 'Man': 9.93369147181511}]","['happy', 'sad', 'sad', 'happy', 'happy', 'happy', 'happy', 'neutral']","['white', 'white', 'white', 'white', 'white', 'white', 'white', 'white']","[99.91563909026586, -90.77918970479456, -42.715124040842056, 96.17498339051744, 99.44805567730555, 92.64688335315441, 98.74462695515831, -0.009210827214900519]","[99.91572420807948, -0.043758928590054924, 27.90075508877635, 96.17499654060816, 99.46874534009214, 92.902741851467, 98.98892226914904, 0.0006380195643771458]","[59.949400649677415, -36.137123767077846, -11.363240256905556, 57.70499269089445, 59.673013136239206, 55.63981859741034, 59.29612876177998, -0.0035368303129246215]"
Richard Blumenthal senator,"[39, 39, 26, 28, 25, 28, 48]","[{'Woman': 0.0011196324521733914, 'Man': 99.99887943267822}, {'Woman': 0.027985588531009853, 'Man': 99.97201561927795}, {'Woman': 0.0025425588319194503, 'Man': 99.99746084213257}, {'Woman': 0.0025133786039077677, 'Man': 99.99748468399048}, {'Woman': 11.709370464086533, 'Man': 88.29063773155212}, {'Woman': 0.002504086478438694, 'Man': 99.99749660491943}, {'Woman': 0.004816134969587438, 'Man': 99.99518394470215}]","['sad', 'happy', 'sad', 'fear', 'fear', 'happy', 'neutral']","['latino hispanic', 'white', 'white', 'white', 'white', 'white', 'white']","[-99.90857778248028, 99.99945163780345, -66.73980957930326, -77.2457710467279, -99.9963403746392, 99.73409805172008, -20.51603432482807]","[-0.973693033127347, 99.99945163803544, -0.5033162712061312, 0.6298979483544827, -0.9982613697275156, 99.7340980595385, 2.2822279797983356]","[-39.958301265578484, 59.99967098272893, -26.662775988370413, -30.615004245191813, -39.99819230459934, 59.840458832611525, -7.703911038406659]"
Peter Welch senator,"[44, 50, 46, 48, 31, 34]","[{'Woman': 0.0009812542884901632, 'Man': 99.99902248382568}, {'Woman': 0.011651388194877654, 'Man': 99.98834133148193}, {'Woman': 0.10634632781147957, 'Man': 99.89365935325623}, {'Woman': 0.022244245337788016, 'Man': 99.9777615070343}, {'Woman': 4.389645159244537, 'Man': 95.61035633087158}, {'Woman': 0.13996729394420981, 'Man': 99.86003041267395}]","['angry', 'neutral', 'angry', 'happy', 'neutral', 'sad']","['white', 'middle eastern', 'asian', 'middle eastern', 'white', 'white']","[-81.05132207274437, -44.984181823412136, -99.90575533504268, 99.95622772605327, 30.917042211040524, -91.10212944360683]","[4.3126464784145355, -0.2760331121699653, -0.9717463602031507, 99.95623227271503, 31.008577002564202, 0.07879055751254782]","[-31.385547071695328, -17.958559859452905, -39.95678472126006, 59.97373755414949, 18.568717203699805, -36.24088978715008]"
Robert Menendez senator,"[53, 36, 42, 40, 52, 36]","[{'Woman': 0.0037643480027327314, 'Man': 99.9962329864502}, {'Woman': 59.40817594528198, 'Man': 40.59182405471802}, {'Woman': 0.05915408837608993, 'Man': 99.9408483505249}, {'Woman': 0.010135256161447614, 'Man': 99.98986721038818}, {'Woman': 0.02358867204748094, 'Man': 99.97641444206238}, {'Woman': 0.021537653810810298, 'Man': 99.97846484184265}]","['neutral', 'neutral', 'happy', 'happy', 'fear', 'happy']","['white', 'white', 'white', 'asian', 'white', 'white']","[-47.28168332949281, 17.168403837786173, 65.30351046822034, 43.81316524072645, -66.26645741052926, 99.52575928540712]","[4.821988459676504, 20.346115280426602, 77.9563513470348, 54.171867563311025, 4.863883389160037, 99.56767697518768]","[-17.8430156968534, 10.94300421027583, 41.73823575139977, 28.38056628031154, -25.390108628198504, 59.72392379140196]"
John Cornyn senator,"[40, 45, 52, 33, 40, 49, 48, 51, 46]","[{'Woman': 0.02827785210683942, 'Man': 99.97171759605408}, {'Woman': 0.01792224938981235, 'Man': 99.98207688331604}, {'Woman': 0.026114002685062587, 'Man': 99.9738872051239}, {'Woman': 0.15299866208806634, 'Man': 99.84700083732605}, {'Woman': 0.004042058935738169, 'Man': 99.99595880508423}, {'Woman': 0.2601122250780463, 'Man': 99.7398853302002}, {'Woman': 0.027111763483844697, 'Man': 99.97288584709167}, {'Woman': 0.09280394879169762, 'Man': 99.90719556808472}, {'Woman': 0.4056456033140421, 'Man': 99.59434866905212}]","['happy', 'happy', 'happy', 'happy', 'fear', 'sad', 'sad', 'neutral', 'sad']","['white', 'white', 'white', 'white', 'white', 'white', 'white', 'white', 'white']","[99.32083505593448, 60.19975764793344, 96.5221755328912, 98.68204344656938, -93.48165669359541, -99.98885700609321, -99.9999400381598, -1.6411757867899723, -99.98641627426858]","[99.32083506050866, 79.85371774737723, 96.52987903886333, 98.68235721295183, -0.4107757748995915, -0.9997829184424063, -0.9999689361920072, 4.073500202968717, -0.9992221147413334]","[59.59250103448476, 40.09035157854669, 57.91486158356747, 59.209289455089596, -37.28679585076415, -39.99552145867597, -39.99996986088219, 0.16977452585706487, -39.99443680304049]"
Roger Marshall senator,"[32, 41, 52, 34, 36, 40, 40]","[{'Woman': 0.10396972065791488, 'Man': 99.89602565765381}, {'Woman': 0.16619886737316847, 'Man': 99.8337984085083}, {'Woman': 0.09771222248673439, 'Man': 99.90228414535522}, {'Woman': 0.0611394178122282, 'Man': 99.9388575553894}, {'Woman': 0.585710909217596, 'Man': 99.41429495811462}, {'Woman': 0.24839940015226603, 'Man': 99.75160360336304}, {'Woman': 0.054688239470124245, 'Man': 99.94531273841858}]","['happy', 'happy', 'angry', 'happy', 'disgust', 'fear', 'happy']","['white', 'white', 'white', 'white', 'white', 'white', 'white']","[99.29027449793466, 85.18878147393839, -99.53139108838513, 26.09085440635681, -51.16347000002861, -94.4081544992514, 99.92075590251488]","[99.40241750284213, 92.46175359781314, -0.7795626283623278, 62.63687679171562, 5.586417116224766, 1.8206908516585827, 99.92143939260015]","[59.596819851267355, 52.58255618211551, -39.76897031767294, 23.0375474691391, -19.233458340168, -37.204721921589226, 59.952591620314024]"
Ted Budd senator,"[31, 37, 45, 41, 33, 30, 36, 28, 29]","[{'Woman': 0.00039017236304061953, 'Man': 99.99960660934448}, {'Woman': 75.09134411811829, 'Man': 24.908657371997833}, {'Woman': 0.0034742330171866342, 'Man': 99.99653100967407}, {'Woman': 0.0046006189222680405, 'Man': 99.99539852142334}, {'Woman': 0.005280760160530917, 'Man': 99.9947190284729}, {'Woman': 0.039663625648245215, 'Man': 99.96033310890198}, {'Woman': 0.02419966767774895, 'Man': 99.97579455375671}, {'Woman': 0.0011834423276013695, 'Man': 99.99881982803345}, {'Woman': 0.002708861939026974, 'Man': 99.9972939491272}]","['happy', 'neutral', 'happy', 'happy', 'sad', 'happy', 'happy', 'happy', 'happy']","['white', 'white', 'white', 'white', 'white', 'white', 'white', 'white', 'white']","[87.35956432392086, -0.006462275407076836, 86.27922241805521, 99.86755767261013, -99.99995581408575, 98.36985217058911, 91.56201830465619, 97.18563461283338, 95.95087609130431]","[91.19461848233415, -4.833169081113094e-05, 86.28068990783252, 99.86755885426527, -0.9999995071941666, 98.84745284083817, 91.65190756361282, 97.51464486035547, 95.95089670398005]","[53.19049701019359, -0.0025816190389398985, 51.7678299134144, 59.92053484228429, -39.99998231534204, 59.11839628624217, 54.955370429047576, 58.37784748437116, 57.5705298189595]"
Katie Boyd Britt senator,"[26, 33, 38, 30, 31, 32]","[{'Woman': 99.99990463256836, 'Man': 9.287526268053625e-05}, {'Woman': 99.99984502792358, 'Man': 0.00014956749510020018}, {'Woman': 99.99674558639526, 'Man': 0.0032591775379842147}, {'Woman': 94.92771029472351, 'Man': 5.0722915679216385}, {'Woman': 99.99972581863403, 'Man': 0.000274591820925707}, {'Woman': 99.99942779541016, 'Man': 0.000571860346099129}]","['happy', 'happy', 'fear', 'neutral', 'happy', 'fear']","['white', 'white', 'latino hispanic', 'white', 'white', 'latino hispanic']","[96.79910606446278, 97.84921808791984, -90.82068485442906, 2.7016302548730664, 99.97664896361127, -49.53331239124084]","[96.79913445311682, 97.85289301652354, 3.2292384343885443, 4.261497605548698, 99.97664896442136, 24.485678702151635]","[58.07946937375928, 58.71027326257084, -35.492426409866, 1.9361028702320482, 59.98598937833041, -14.766655900725825]"
Patty Murray senator,"[24, 25, 38, 50, 46]","[{'Woman': 72.2534716129303, 'Man': 27.746525406837463}, {'Woman': 3.0071038752794266, 'Man': 96.99289202690125}, {'Woman': 87.00461983680725, 'Man': 12.99537718296051}, {'Woman': 99.9126136302948, 'Man': 0.08738783653825521}, {'Woman': 0.3672526450827718, 'Man': 99.63274598121643}]","['happy', 'fear', 'happy', 'neutral', 'fear']","['asian', 'white', 'white', 'white', 'white']","[92.46904450946947, -84.40597334702034, 99.99572205652238, -29.61975757498294, -57.05763970193355]","[95.6128434437309, -0.8272638377966359, 99.99619248651426, 11.962269547395408, 20.684881301440676]","[56.11653760149207, -33.75899622857105, 59.997528270275424, -9.371445025317371, -18.529024022498675]"
Bill Cassidy senator,"[35, 51, 53, 44, 33, 30]","[{'Woman': 0.006983892671996728, 'Man': 99.99301433563232}, {'Woman': 0.21465965546667576, 'Man': 99.78533387184143}, {'Woman': 0.043654319597408175, 'Man': 99.95633959770203}, {'Woman': 0.11448865989223123, 'Man': 99.88551139831543}, {'Woman': 0.003656871194834821, 'Man': 99.99634027481079}, {'Woman': 60.724443197250366, 'Man': 39.275553822517395}]","['neutral', 'happy', 'fear', 'happy', 'sad', 'neutral']","['white', 'white', 'white', 'white', 'white', 'white']","[-5.826590757533268, 99.9999999533586, -99.86405382734915, 99.99999999998627, -86.19176486742026, -13.497837143950164]","[3.322954119397764, 99.99999999953374, -0.9313520900794346, 100.00000000000068, 0.6396742367084614, 4.641638524248265]","[-1.6475615500894492, 59.99999998134347, -39.93202790504188, 59.99999999999467, -34.1733540509312, -4.434161747340113]"
Roy Blunt senator,"[33, 26, 31, 27, 37, 38, 27]","[{'Woman': 0.8726782165467739, 'Man': 99.12732243537903}, {'Woman': 0.004922457446809858, 'Man': 99.99507665634155}, {'Woman': 0.08738122414797544, 'Man': 99.91262555122375}, {'Woman': 0.047799211461097, 'Man': 99.95219707489014}, {'Woman': 0.005827336644870229, 'Man': 99.99417066574097}, {'Woman': 0.006450719956774265, 'Man': 99.9935507774353}, {'Woman': 0.02920575498137623, 'Man': 99.97078776359558}]","['happy', 'neutral', 'sad', 'angry', 'happy', 'happy', 'angry']","['white', 'latino hispanic', 'asian', 'white', 'asian', 'latino hispanic', 'white']","[68.76518016433693, -51.94751466624439, -99.92057312831093, -97.13732142483151, 64.10436596888758, 75.39679377005086, -81.89778593368828]","[83.43602036949596, 0.7320844540372491, -0.984845218237517, 0.26159265895014594, 64.17845571170255, 75.49973560602666, 3.6034705471247435]","[44.222914200654486, -20.52616554312408, -39.96532813757779, -38.60584455514504, 38.47758720614365, 45.25887259253068, -31.865690452978015]"
James M. Inhofe senator,"[46, 51, 48, 49, 47, 49, 51]","[{'Woman': 0.006167354149511084, 'Man': 99.99383687973022}, {'Woman': 0.1530875451862812, 'Man': 99.84690546989441}, {'Woman': 3.692147880792618, 'Man': 96.30784392356873}, {'Woman': 0.10959065984934568, 'Man': 99.89041090011597}, {'Woman': 0.09146707016043365, 'Man': 99.90853071212769}, {'Woman': 0.060374499298632145, 'Man': 99.93962049484253}, {'Woman': 0.11946151498705149, 'Man': 99.88054037094116}]","['happy', 'fear', 'neutral', 'happy', 'happy', 'happy', 'neutral']","['white', 'white', 'white', 'white', 'white', 'white', 'white']","[97.65598983636892, -99.76331956721779, -29.74084635769234, 99.71827882288576, 99.71079320586419, 98.87743586932505, -22.46210606826935]","[97.77485066801057, -0.9946049346603368, -0.20282812442186327, 99.71828981241224, 99.71083891727432, 98.8951563348786, -0.06609993858728558]","[58.61760619104189, -39.904716056985734, -11.877231403853692, 59.830969513837815, 59.82648515814682, 59.33004141362605, -8.952817958197556]"
Dan Sullivan senator,"[37, 33, 41, 49, 33]","[{'Woman': 0.13107050908729434, 'Man': 99.8689353466034}, {'Woman': 0.24684853851795197, 'Man': 99.7531533241272}, {'Woman': 0.036596067366190255, 'Man': 99.96340274810791}, {'Woman': 0.015364280261565, 'Man': 99.9846339225769}, {'Woman': 0.039882666897028685, 'Man': 99.96011853218079}]","['happy', 'happy', 'fear', 'angry', 'sad']","['white', 'white', 'white', 'white', 'white']","[84.86328961153049, 86.56503892234468, -97.32922757839333, -99.96870783570766, -91.80093367358495]","[85.57948759270948, 86.6828066812559, 0.3320816005252709, -0.999687077234324, -0.3535745456611039]","[51.062660227762535, 51.96281481985352, -38.66797913715345, -39.98748313405625, -36.60634623891383]"
John Boozman senator,"[44, 47, 51, 53, 39, 52, 54, 51]","[{'Woman': 0.08139109122566879, 'Man': 99.9186098575592}, {'Woman': 0.024574805865995586, 'Man': 99.9754250049591}, {'Woman': 0.002229390520369634, 'Man': 99.9977707862854}, {'Woman': 0.0017701102478895336, 'Man': 99.99823570251465}, {'Woman': 0.003655214823083952, 'Man': 99.99634027481079}, {'Woman': 0.0002778161615424324, 'Man': 99.99972581863403}, {'Woman': 1.7067836597561836, 'Man': 98.29320907592773}, {'Woman': 0.005190695446799509, 'Man': 99.99481439590454}]","['sad', 'sad', 'neutral', 'neutral', 'sad', 'neutral', 'sad', 'angry']","['white', 'latino hispanic', 'latino hispanic', 'latino hispanic', 'latino hispanic', 'latino hispanic', 'latino hispanic', 'white']","[-89.32037397007656, -94.18729626948578, -2.76412184612127, -6.917766291439454, -90.72466717564728, -47.1281953738071, -81.98818140663207, -69.67574869753638]","[0.19565607137607677, 0.6407638713551915, 0.6053803588147275, 0.5439395048895322, -0.2286283962670408, 0.2346260487101972, 6.703265776857734, -0.35383559377254536]","[-35.5081779090252, -37.355193894854914, -0.9777655915240757, -2.6432444624739784, -36.152772269149935, -18.708670472260565, -31.275444766506553, -27.80102232887257]"
Jeanne Shaheen senator,"[34, 41, 35, 34, 38, 40, 46, 42]","[{'Woman': 72.94994592666626, 'Man': 27.050048112869263}, {'Woman': 99.96986389160156, 'Man': 0.03014003741554916}, {'Woman': 88.52011561393738, 'Man': 11.479884386062622}, {'Woman': 22.391343116760254, 'Man': 77.60865688323975}, {'Woman': 99.98555183410645, 'Man': 0.014448356523644179}, {'Woman': 80.33429384231567, 'Man': 19.665712118148804}, {'Woman': 23.430219292640686, 'Man': 76.56978368759155}, {'Woman': 98.91749620437622, 'Man': 1.0825032368302345}]","['fear', 'happy', 'happy', 'surprise', 'happy', 'happy', 'angry', 'happy']","['white', 'white', 'white', 'white', 'white', 'white', 'white', 'white']","[-83.0409958810776, 99.96749178080829, 99.89707212265404, 6.749374966093036, 99.93928745907307, 99.99993795438316, -92.04706083401106, 99.99991650998192]","[-0.8264396348371861, 99.96749178084747, 99.94755652983136, 50.55138436275367, 99.93928746055961, 99.99994037151754, 2.5304903446231037, 99.99991655308204]","[-33.21559626677981, 59.980495068492885, 59.94844214372925, 12.89851576685999, 59.96357247574416, 59.99996326093987, -36.12166050472297, 59.999949914696245]"
Claire McCaskill senator,"[28, 49, 42, 53, 49, 46]","[{'Woman': 20.035474002361298, 'Man': 79.96452450752258}, {'Woman': 82.78697729110718, 'Man': 17.213022708892822}, {'Woman': 99.24065470695496, 'Man': 0.7593462243676186}, {'Woman': 99.99998807907104, 'Man': 1.6195205887470365e-05}, {'Woman': 99.9987244606018, 'Man': 0.0012706245797744486}, {'Woman': 99.99995231628418, 'Man': 4.517984280028031e-05}]","['fear', 'surprise', 'happy', 'happy', 'happy', 'happy']","['white', 'white', 'white', 'white', 'white', 'white']","[-99.99910386197598, 86.3513689568208, 96.98466170591053, 99.99969609095992, 99.99859336898152, 99.99996423721659]","[-0.9996548548285535, 93.07621139817638, 96.98729814294184, 99.99969613901916, 99.99859337401557, 99.99996423721659]","[-39.99957362887298, 53.169375402649166, 58.19132963708799, 59.99981766428488, 59.99915602240589, 59.99997854232995]"
Maria Cantwell senator,"[43, 41, 31, 32]","[{'Woman': 99.78607296943665, 'Man': 0.21393054630607367}, {'Woman': 99.95669722557068, 'Man': 0.04330329247750342}, {'Woman': 99.99961853027344, 'Man': 0.00037876720853091683}, {'Woman': 99.99939203262329, 'Man': 0.0006108075012889458}]","['happy', 'sad', 'happy', 'happy']","['white', 'white', 'white', 'white']","[90.72517475760833, -99.04577238618343, 94.57484611484688, 99.3816779988971]","[92.0385825880403, -0.8690921162459024, 95.50590309823747, 99.61039334346127]","[54.70043976980378, -39.5937906499045, 56.932999988785014, 59.67521191945224]"
Cory Gardner senator,"[29, 39, 30, 39, 39, 33, 34, 44]","[{'Woman': 0.5941367708146572, 'Man': 99.4058609008789}, {'Woman': 1.0428051464259624, 'Man': 98.95719289779663}, {'Woman': 8.801451325416565, 'Man': 91.19855165481567}, {'Woman': 2.608916722238064, 'Man': 97.39108681678772}, {'Woman': 0.18683226080611348, 'Man': 99.81316924095154}, {'Woman': 0.6555722560733557, 'Man': 99.34443235397339}, {'Woman': 3.3059798181056976, 'Man': 96.69402837753296}, {'Woman': 0.23532877676188946, 'Man': 99.76467490196228}]","['fear', 'neutral', 'neutral', 'happy', 'neutral', 'angry', 'happy', 'angry']","['white', 'white', 'white', 'white', 'white', 'white', 'white', 'white']","[-86.55175517894804, -0.0028988039518433343, -8.342953639811915e-05, 99.79184269135712, -0.07861828066779708, -85.88741817431386, 98.08083447451178, -67.64988055528634]","[5.634579142299344, 0.00016199466085644833, -8.3401377760902e-07, 99.79184277966039, 0.0026832389689843694, 2.917761020728345, 98.08488585835865, 9.057445191449501]","[-33.307551224288545, -0.0011209392170252364, -3.337175767311187e-05, 59.87510563265331, -0.030746418979106238, -33.59201066316565, 58.84931914609027, -25.093498889386787]"
Deb Fischer senator,"[48, 46, 44, 36, 34, 39]","[{'Woman': 99.99784231185913, 'Man': 0.0021619325707433745}, {'Woman': 99.99663829803467, 'Man': 0.003363837458891794}, {'Woman': 99.99617338180542, 'Man': 0.0038314334233291447}, {'Woman': 53.99530529975891, 'Man': 46.00469768047333}, {'Woman': 38.398754596710205, 'Man': 61.60125136375427}, {'Woman': 99.9993085861206, 'Man': 0.000685577469994314}]","['fear', 'happy', 'happy', 'sad', 'sad', 'happy']","['white', 'white', 'white', 'white', 'latino hispanic', 'white']","[-84.5322659239173, 99.69187163623894, 99.28868773735076, -83.51187359899555, -99.93372362225183, 98.58360362072824]","[6.024544842541218, 99.69247248045941, 99.28918554977065, -0.8348643276404805, -0.9864304742233868, 98.58360362924111]","[-32.42505434900522, 59.81524436441417, 59.57331321057609, -33.40469804397206, -39.97088202223425, 59.15016217415671]"
Sherrod Brown senator,"[32, 35, 37, 34, 35, 47, 30, 38]","[{'Woman': 70.37705779075623, 'Man': 29.622942209243774}, {'Woman': 1.46227665245533, 'Man': 98.53772521018982}, {'Woman': 0.11077948147431016, 'Man': 99.88922476768494}, {'Woman': 0.03949037927668542, 'Man': 99.9605119228363}, {'Woman': 0.23930829484015703, 'Man': 99.7606873512268}, {'Woman': 0.009893380047287792, 'Man': 99.99010562896729}, {'Woman': 0.5039631854742765, 'Man': 99.49603080749512}, {'Woman': 0.05222335457801819, 'Man': 99.94778037071228}]","['happy', 'happy', 'happy', 'happy', 'sad', 'surprise', 'happy', 'happy']","['white', 'white', 'white', 'white', 'white', 'white', 'white', 'white']","[99.99681508637447, 99.62148074655383, 99.85436298307009, 97.84775002118022, -84.09321871586144, 30.206899544938345, 99.61697636021637, 99.9999165574588]","[99.99750184945388, 99.62148075826477, 99.8543646226699, 97.84775110692114, 6.825240997597575, 64.33820422996988, 99.61698595636649, 99.99991655745886]","[59.99822779184072, 59.77288845029814, 59.91261812107434, 58.70865023204973, -32.088565630838275, 25.019352794646146, 59.77018775474601, 59.99994993447529]"
Christopher A. Coons senator,"[26, 42, 35, 37, 49, 25, 50]","[{'Woman': 0.01226927270181477, 'Man': 99.98773336410522}, {'Woman': 0.013090141874272376, 'Man': 99.98691082000732}, {'Woman': 0.3870929591357708, 'Man': 99.6129035949707}, {'Woman': 0.11003812542185187, 'Man': 99.88995790481567}, {'Woman': 0.011079527030233294, 'Man': 99.98891353607178}, {'Woman': 27.00817883014679, 'Man': 72.99181818962097}, {'Woman': 0.0006151133220555494, 'Man': 99.99938011169434}]","['happy', 'happy', 'angry', 'angry', 'happy', 'neutral', 'neutral']","['white', 'asian', 'white', 'white', 'white', 'white', 'asian']","[97.59975030319765, 74.79134012205625, -81.95923564271652, -99.90183288008559, 20.34295314988028, -50.75343092685216, -48.203704441402806]","[98.76330110349227, 75.32084976526168, -0.7214451736363117, -0.9988738685171319, 52.61547380792007, -0.36297705405741, -0.4781230045191478]","[58.79491094965488, 44.98177571832576, -32.76386654339149, -39.960703968138546, 18.72547303296651, -20.27216888483963, -19.280691061430844]"
John McCain senator,"[43, 38, 34, 32, 39, 36]","[{'Woman': 0.10853238636627793, 'Man': 99.89147186279297}, {'Woman': 0.048758191405795515, 'Man': 99.95124340057373}, {'Woman': 0.013603997649624944, 'Man': 99.98639822006226}, {'Woman': 1.7316795885562897, 'Man': 98.26831817626953}, {'Woman': 0.05561052239499986, 'Man': 99.94438290596008}, {'Woman': 0.029697574791498482, 'Man': 99.97029900550842}]","['fear', 'sad', 'happy', 'fear', 'happy', 'fear']","['white', 'white', 'white', 'latino hispanic', 'white', 'white']","[-99.78084200268974, -82.06326178423828, 99.59872083255982, -98.4038292287707, 2.737012365518531, -74.4671313179424]","[-0.9238692646637866, 7.588013719549176, 99.59888615439357, -0.20037522363437144, 50.294493243382185, 11.810838008881547]","[-39.89739959797224, -31.126588281899036, 59.759265897886145, -39.203215920063165, 11.249779313829027, -27.250385997467674]"
Jacky Rosen senator,"[48, 33, 32, 33, 29, 33]","[{'Woman': 100.0, 'Man': 1.642368196996813e-06}, {'Woman': 99.99970197677612, 'Man': 0.0002961573500215309}, {'Woman': 99.99939203262329, 'Man': 0.0006052172921044985}, {'Woman': 99.98227953910828, 'Man': 0.017723538621794432}, {'Woman': 99.9996542930603, 'Man': 0.0003476404344837647}, {'Woman': 99.99758005142212, 'Man': 0.0024257962650153786}]","['happy', 'happy', 'happy', 'happy', 'happy', 'happy']","['white', 'white', 'white', 'white', 'white', 'white']","[93.11632999167324, 91.64827049779312, 99.09758467281557, 88.60611002892256, 96.9636805329872, 99.99907890509007]","[96.04694015486555, 91.64830153683837, 99.09758603140429, 93.86646121554077, 96.96368056123579, 99.99907924360949]","[56.46184045221451, 54.988968569190064, 59.45855107815171, 54.226363226771355, 58.1782083254991, 59.9994474114418]"
John W. Hickenlooper senator,"[42, 36, 35, 53, 35]","[{'Woman': 0.008842897659633309, 'Man': 99.99115467071533}, {'Woman': 0.02932838979177177, 'Man': 99.97066855430603}, {'Woman': 0.18532791873440146, 'Man': 99.81467723846436}, {'Woman': 0.08661882020533085, 'Man': 99.91338849067688}, {'Woman': 0.08810195722617209, 'Man': 99.9118983745575}]","['fear', 'happy', 'happy', 'angry', 'happy']","['white', 'white', 'white', 'white', 'asian']","[-99.99397089331978, 97.0614550231758, 16.446338084121827, -97.78525923126995, 92.01414424460381]","[-0.9969568061897007, 97.0697225595383, 56.860853730789046, -0.9774843753006444, 95.81090933899395]","[-39.996985750713065, 58.23854322327164, 18.032351465961423, -39.11402930523282, 55.975509798154235]"
Ben Ray Lujn senator,[],[],[],[],[],[],[]
Rand Paul senator,"[42, 43, 44, 33, 32, 34, 26, 42, 36]","[{'Woman': 0.1282007433474064, 'Man': 99.87180233001709}, {'Woman': 0.3066117875277996, 'Man': 99.69338178634644}, {'Woman': 3.249339759349823, 'Man': 96.75065875053406}, {'Woman': 0.16804678598418832, 'Man': 99.83194470405579}, {'Woman': 0.06218418711796403, 'Man': 99.93780851364136}, {'Woman': 12.262703478336334, 'Man': 87.73729801177979}, {'Woman': 10.058300942182541, 'Man': 89.94170427322388}, {'Woman': 0.07005691877566278, 'Man': 99.929940700531}, {'Woman': 0.14243657933548093, 'Man': 99.85756874084473}]","['happy', 'happy', 'neutral', 'neutral', 'neutral', 'neutral', 'happy', 'neutral', 'neutral']","['white', 'latino hispanic', 'white', 'white', 'white', 'white', 'white', 'white', 'white']","[98.94176083816181, 44.37458141474053, -34.86819664340146, 38.47777743358165, -23.17347249627346, -0.11059175568454113, 17.602877880896557, -5.234789060273215, -7.8456738498061895]","[99.33442337427688, 67.48511944606435, -0.33345245893724496, 41.54020202765241, 2.7546566663659178, 0.23950830393712794, 54.67888995954244, -0.04825368569163402, 29.799751192331314]","[59.44438226776882, 31.293544410727918, -13.944201989179419, 23.7053380953148, -8.666077606321778, 0.004372231361329665, 18.05183017876943, -2.093088512006034, 2.897732062265277]"
James E. Risch senator,"[48, 46, 26, 51, 42, 34, 34]","[{'Woman': 0.02289734111400321, 'Man': 99.97710585594177}, {'Woman': 0.008870879537425935, 'Man': 99.99113082885742}, {'Woman': 26.854002475738525, 'Man': 73.14599752426147}, {'Woman': 0.1854008762165904, 'Man': 99.81460571289062}, {'Woman': 2.6698680594563484, 'Man': 97.3301351070404}, {'Woman': 0.026388413971289992, 'Man': 99.97361302375793}, {'Woman': 0.03191640425939113, 'Man': 99.96808767318726}]","['sad', 'fear', 'neutral', 'sad', 'angry', 'happy', 'happy']","['white', 'latino hispanic', 'white', 'white', 'white', 'white', 'white']","[-96.25739634527903, -99.89538233421627, 0.08601664380755515, -93.04023626723827, -99.02322328998707, 99.94343865548484, 99.48839682325001]","[-0.9625419930283385, -0.9508445157844108, 0.1435114388850749, -0.6893528696203148, -0.6287348584737629, 99.94372492631511, 99.54765533813179]","[-38.50295207944001, -39.94843388165464, 0.06322509640120373, -37.16739763961207, -39.536259543383494, 59.96612102578187, 59.70500951109784]"
David Perdue senator,"[51, 24, 49, 35, 51, 25, 45, 30, 32]","[{'Woman': 0.000263496099250915, 'Man': 99.99973773956299}, {'Woman': 26.74495577812195, 'Man': 73.25504422187805}, {'Woman': 0.00724683195585385, 'Man': 99.99275207519531}, {'Woman': 0.0024782437321846373, 'Man': 99.99752044677734}, {'Woman': 0.006704613770125434, 'Man': 99.99330043792725}, {'Woman': 0.2855165395885706, 'Man': 99.7144877910614}, {'Woman': 0.10496755130589008, 'Man': 99.89503026008606}, {'Woman': 22.306883335113525, 'Man': 77.69311666488647}, {'Woman': 86.95068955421448, 'Man': 13.049308955669403}]","['happy', 'happy', 'happy', 'sad', 'happy', 'happy', 'angry', 'fear', 'happy']","['asian', 'white', 'white', 'white', 'white', 'white', 'white', 'white', 'asian']","[98.06235498682736, 54.30851467451645, 95.92825238865221, -98.96866679116913, 85.63832575873067, 99.8704881654723, -38.84068785700947, -99.85925503292596, 98.98109290726329]","[98.12235086292584, 76.07617238147026, 95.9815992448076, -0.9715369779903132, 85.67507062813404, 99.93449762581498, 29.240404115756974, -0.9364405833999354, 99.4854113013634]","[58.84953337110621, 36.982615412175285, 57.56772857584898, -39.58380011244313, 51.39041866117847, 59.93522410339301, -9.550656760111451, -39.931146060255365, 59.49053824821657]"
Mitch McConnell senator,"[44, 53, 42, 46, 23, 60, 53, 52, 51, 57, 31]","[{'Woman': 3.0400997027754784, 'Man': 96.95990085601807}, {'Woman': 0.6227088160812855, 'Man': 99.37729239463806}, {'Woman': 46.564966440200806, 'Man': 53.43502759933472}, {'Woman': 14.499631524085999, 'Man': 85.50037145614624}, {'Woman': 4.5019689947366714, 'Man': 95.49803137779236}, {'Woman': 0.2478668699041009, 'Man': 99.75213408470154}, {'Woman': 26.06196701526642, 'Man': 73.93803000450134}, {'Woman': 1.595921814441681, 'Man': 98.40407371520996}, {'Woman': 9.186234325170517, 'Man': 90.81376194953918}, {'Woman': 0.4934085998684168, 'Man': 99.50659275054932}, {'Woman': 98.57755899429321, 'Man': 1.4224492944777012}]","['neutral', 'happy', 'angry', 'surprise', 'fear', 'angry', 'happy', 'sad', 'happy', 'happy', 'neutral']","['white', 'white', 'white', 'white', 'black', 'white', 'white', 'white', 'white', 'white', 'white']","[22.836094518424943, 98.21882524958563, -98.06800113622646, 55.61926849592453, -99.05888792831917, -98.77401620550894, 93.98197288629993, -98.44051228173596, 66.2872517868891, 100.00000069172135, -1.0098976195480336]","[27.486806738656014, 98.74815307980847, -0.7618377704497106, 77.58588511703834, -0.5336391085949301, -0.9384865828384923, 94.08233185653914, -0.32798105336872385, 66.33430825557298, 100.00000069252661, -0.009799532378611399]","[14.641194533323869, 59.03823006494791, -39.18298990077088, 37.809261425052455, -39.531242086340136, -39.499656264180025, 56.40945827122222, -39.243593989573455, 39.781857429443335, 60.00000041519549, -0.40389855411883585]"
Marsha Blackburn senator,"[40, 42, 35, 50, 36, 46, 26, 49]","[{'Woman': 100.0, 'Man': 1.2041283525832114e-07}, {'Woman': 99.9998688697815, 'Man': 0.00013433204912871588}, {'Woman': 94.08277869224548, 'Man': 5.917217209935188}, {'Woman': 100.0, 'Man': 3.5005772586194084e-09}, {'Woman': 24.70654994249344, 'Man': 75.29345154762268}, {'Woman': 100.0, 'Man': 1.9678499108000125e-08}, {'Woman': 85.2695643901825, 'Man': 14.730435609817505}, {'Woman': 100.0, 'Man': 6.01070755668065e-10}]","['happy', 'happy', 'neutral', 'happy', 'fear', 'happy', 'happy', 'happy']","['white', 'white', 'white', 'white', 'white', 'white', 'middle eastern', 'white']","[99.98953165998529, 95.15771510306479, -0.0015177176820763876, 15.996994286596433, -88.08704418299038, 98.93810499125506, -3.316836495650932, 57.80968456932076]","[99.98956530812507, 97.33193520019157, 3.085858909656551e-05, 53.34704498034984, 5.015921837268197, 99.44666462454971, 41.01487393124262, 70.40379663733478]","[59.99372579359516, 57.53386544509681, -0.0005977869180997814, 17.143661358574704, -34.04354650570159, 59.465602314610535, 6.965799198951572, 37.230075805837714]"
Dean Heller senator,"[31, 36, 28, 44, 35, 27]","[{'Woman': 0.00644411047687754, 'Man': 99.9935507774353}, {'Woman': 0.03957232111133635, 'Man': 99.96042847633362}, {'Woman': 0.015380668628495187, 'Man': 99.98462200164795}, {'Woman': 0.007191031181719154, 'Man': 99.99281167984009}, {'Woman': 0.0905931112356484, 'Man': 99.90941286087036}, {'Woman': 0.0018228933186037466, 'Man': 99.99817609786987}]","['neutral', 'neutral', 'sad', 'sad', 'fear', 'happy']","['asian', 'asian', 'white', 'white', 'white', 'white']","[11.752023948957358, -31.725616566836834, -70.05314043108467, -95.78074010369164, -97.88592291297391, 99.89627013928354]","[13.07130994026499, 3.3001953288912773, -0.29100055119398544, -0.46961118002218427, -0.6928339845035225, 99.8962701419819]","[7.317736791860805, -11.959448345005512, -27.93852266675369, -38.21367054228176, -39.0965862874873, 59.93776208411525]"
Kyrsten Sinema senator,"[32, 32, 31, 28]","[{'Woman': 53.059643507003784, 'Man': 46.94035053253174}, {'Woman': 99.65468049049377, 'Man': 0.3453172044828534}, {'Woman': 19.185911118984222, 'Man': 80.81408739089966}, {'Woman': 97.9076623916626, 'Man': 2.0923394709825516}]","['happy', 'happy', 'fear', 'fear']","['white', 'white', 'white', 'latino hispanic']","[99.99998788800337, 99.97785407134631, -98.29767024266403, -99.38290146045097]","[99.99998807720098, 99.98881474314423, -0.2362708155378641, -0.9937749195934968]","[59.999992771023756, 59.988926719938675, -39.168218422946666, -39.753149655895335]"
Tim Scott senator,"[28, 29, 31, 32, 33]","[{'Woman': 0.11554361553862691, 'Man': 99.88445043563843}, {'Woman': 0.28886303771287203, 'Man': 99.71113204956055}, {'Woman': 0.005119926936458796, 'Man': 99.99487400054932}, {'Woman': 0.04120686207897961, 'Man': 99.95879530906677}, {'Woman': 0.05290000117383897, 'Man': 99.94710087776184}]","['happy', 'angry', 'neutral', 'happy', 'happy']","['black', 'black', 'black', 'black', 'black']","[97.47845891455451, -58.05200340165156, 34.91633658755206, 96.47675263605748, 58.884112435771385]","[97.47853485860276, 13.43725789527501, 35.489961945797674, 96.4888489863189, 59.27075420591427]","[58.48709069096468, -20.388927031510825, 21.06568586328792, 57.88849528875801, 35.408576909976546]"
Martha McSally senator,"[35, 31, 25, 43, 34, 24]","[{'Woman': 99.9962568283081, 'Man': 0.003743002889677882}, {'Woman': 99.7580885887146, 'Man': 0.24190510157495737}, {'Woman': 99.99982118606567, 'Man': 0.00018219559478893643}, {'Woman': 21.801599860191345, 'Man': 78.19839715957642}, {'Woman': 99.99995231628418, 'Man': 4.892967240266444e-05}, {'Woman': 9.001845866441727, 'Man': 90.99814891815186}]","['happy', 'happy', 'happy', 'neutral', 'happy', 'neutral']","['white', 'white', 'white', 'white', 'white', 'white']","[99.95570909064955, 99.90612828596927, 99.06038445079702, -34.58616377902217, 99.99691298462778, -2.0544498219351226]","[99.97763548028699, 99.91547837932049, 99.06040719416353, -0.2267909359652549, 99.99691298468868, -0.01709516823393642]","[59.97785502805385, 59.94556587932928, 59.43623526509771, -13.810410824371502, 59.99814779078896, -0.8210830944335612]"
Tommy Tuberville senator,"[47, 39, 39, 47, 41, 43, 44]","[{'Woman': 0.10124639375135303, 'Man': 99.89874958992004}, {'Woman': 0.003548528184182942, 'Man': 99.99644756317139}, {'Woman': 0.2078274032101035, 'Man': 99.79217648506165}, {'Woman': 0.057640677550807595, 'Man': 99.9423623085022}, {'Woman': 0.014459672092925757, 'Man': 99.98553991317749}, {'Woman': 0.0023675755073782057, 'Man': 99.99762773513794}, {'Woman': 0.025405510677956045, 'Man': 99.97459053993225}]","['neutral', 'happy', 'surprise', 'neutral', 'disgust', 'neutral', 'happy']","['white', 'white', 'white', 'white', 'white', 'white', 'white']","[13.294744002632797, 65.51639125035055, 11.45569256041199, 3.487390278314706, -51.27914278918979, -57.68380784720648, 99.69951214491107]","[23.663501154107507, 78.82150474803178, 55.26118448213674, 16.0389755545184, -0.48988307907347917, 0.1267610368086025, 99.69972339296112]","[10.071544816019014, 41.99773646691361, 15.723009863868356, 4.628107960161287, -20.50702916641967, -22.931381903472356, 59.81974996332039]"
Mike Braun senator,"[32, 36, 51, 56, 53]","[{'Woman': 0.0661912199575454, 'Man': 99.93380904197693}, {'Woman': 0.015166641969699413, 'Man': 99.98483657836914}, {'Woman': 0.007631730841239914, 'Man': 99.99237060546875}, {'Woman': 0.08869957528077066, 'Man': 99.91130232810974}, {'Woman': 0.06237731431610882, 'Man': 99.93762373924255}]","['fear', 'happy', 'happy', 'angry', 'happy']","['white', 'white', 'middle eastern', 'white', 'white']","[-85.807762380407, 99.99406575510508, 99.99999997498588, -74.14596307789907, 52.018313488595425]","[4.928931179876994, 99.99700202935438, 99.99999999975077, 2.3087331377901137, 57.417094252756684]","[-33.15401226455047, 59.99703263978007, 59.99999998999454, -29.042184671852738, 32.30165087379589]"
Raphael G. Warnock senator,"[31, 28, 33]","[{'Woman': 60.81264615058899, 'Man': 39.18735682964325}, {'Woman': 0.0004400030320539372, 'Man': 99.99955892562866}, {'Woman': 0.019554339814931154, 'Man': 99.9804437160492}]","['fear', 'happy', 'neutral']","['asian', 'black', 'black']","[-98.2338197322747, 96.15278046094318, -31.871383997565772]","[-0.1089454919142554, 96.1584562123735, -0.27305260575440116]","[-39.117084922120284, 57.692814893016475, -12.739329107264439]"
Rick Scott senator,"[51, 32, 23, 47, 56, 51, 33]","[{'Woman': 0.10370697127655149, 'Man': 99.89628791809082}, {'Woman': 0.0780558621045202, 'Man': 99.92194175720215}, {'Woman': 0.034783605951815844, 'Man': 99.96521472930908}, {'Woman': 0.5565088242292404, 'Man': 99.44348931312561}, {'Woman': 0.36797586362808943, 'Man': 99.63202476501465}, {'Woman': 0.26006707921624184, 'Man': 99.73993301391602}, {'Woman': 22.797542810440063, 'Man': 77.20245718955994}]","['angry', 'fear', 'angry', 'fear', 'fear', 'angry', 'sad']","['white', 'white', 'white', 'white', 'white', 'white', 'asian']","[-62.44434975087643, -94.39604933499095, -94.4225573285135, -37.68306144193573, -78.52981309237325, -99.60876023105811, -99.04517696882493]","[0.16574663575738668, 1.6001263282104257, -0.7762420073999307, 30.352187929600426, 9.278406527232345, -0.9434330285293981, -0.5539816505358317]","[-24.818105529993773, -37.244462800347826, -37.73508685748921, -8.865342042628882, -29.378853588836957, -39.83286680479068, -39.52989500588302]"
Mike Lee senator,"[30, 29, 27, 36]","[{'Woman': 0.11052470654249191, 'Man': 99.889475107193}, {'Woman': 0.10083859087899327, 'Man': 99.89916682243347}, {'Woman': 0.06351809133775532, 'Man': 99.93647933006287}, {'Woman': 0.0032164007279789075, 'Man': 99.99678134918213}]","['happy', 'happy', 'happy', 'angry']","['white', 'white', 'latino hispanic', 'white']","[98.1606235236186, 98.57588695864612, 99.99681812755497, -92.26898810159128]","[98.16062365277034, 98.57589130196281, 99.99682892538173, -0.9209210363560487]","[58.89637414026242, 59.14553305262538, 59.99809305791213, -36.90723789828098]"
Kevin Cramer senator,"[57, 36, 52, 40, 44]","[{'Woman': 0.002319672239536885, 'Man': 99.99767541885376}, {'Woman': 0.02295544254593551, 'Man': 99.977046251297}, {'Woman': 0.07330058142542839, 'Man': 99.9267041683197}, {'Woman': 0.033522036392241716, 'Man': 99.96647834777832}, {'Woman': 0.05199229344725609, 'Man': 99.94800686836243}]","['fear', 'happy', 'happy', 'happy', 'happy']","['white', 'white', 'white', 'white', 'white']","[-9.377175617276016, 99.84665105735832, 99.99890310872993, 99.99966579634916, 99.99943299286933]","[44.76342338205879, 99.8466737869588, 99.99890327287834, 99.9996839168264, 99.99948685598706]","[5.3111893769747525, 59.90799522625346, 59.999341898399244, 59.99980313851197, 59.99967067715952]"
Mitt Romney senator,"[30, 30, 33, 29, 53, 25]","[{'Woman': 0.009617226896807551, 'Man': 99.99037981033325}, {'Woman': 0.12717593926936388, 'Man': 99.87282156944275}, {'Woman': 0.1072634244337678, 'Man': 99.89272952079773}, {'Woman': 0.06735736969858408, 'Man': 99.93264675140381}, {'Woman': 0.01278101117350161, 'Man': 99.98722076416016}, {'Woman': 0.00919213707675226, 'Man': 99.99080896377563}]","['angry', 'happy', 'happy', 'happy', 'neutral', 'happy']","['middle eastern', 'white', 'white', 'white', 'middle eastern', 'white']","[-95.80768260406823, 99.99678782009074, 78.64755073882942, 94.06789598288015, 1.9808743265457451, 99.99961853026024]","[0.5599227477248911, 99.99684632677787, 89.1568193934266, 95.27896745619364, 5.828811735031195, 99.99961853027352]","[-38.01640646106859, 59.9980845115872, 49.31161501998395, 56.68539849342778, 1.9658856885507703, 59.999771118158826]"
Markwayne Mullin senator,"[39, 47, 48, 43, 33]","[{'Woman': 0.2883950946852565, 'Man': 99.71160888671875}, {'Woman': 0.02716770686674863, 'Man': 99.9728262424469}, {'Woman': 0.0014994616321928333, 'Man': 99.99849796295166}, {'Woman': 0.32180577982217073, 'Man': 99.67819452285767}, {'Woman': 0.0010924257367150858, 'Man': 99.99890327453613}]","['fear', 'sad', 'happy', 'neutral', 'fear']","['white', 'white', 'white', 'white', 'white']","[-99.99614087596416, -99.99389602758171, 4.154014922096394, 0.47480581880991557, -84.634143486619]","[-0.9989383888559109, -0.9999295879696308, 39.91980856319424, 0.47483092895360834, 5.0922960713505745]","[-39.99824967969805, -39.9975565176375, 9.71782181004528, 0.2848885640422509, -32.65393264591694]"
Lisa Murkowski senator,"[42, 50, 28, 35, 38]","[{'Woman': 11.617079377174377, 'Man': 88.38292360305786}, {'Woman': 34.47218835353851, 'Man': 65.52780866622925}, {'Woman': 11.335285753011703, 'Man': 88.66471648216248}, {'Woman': 0.3189640585333109, 'Man': 99.68103766441345}, {'Woman': 1.0542666539549828, 'Man': 98.94573092460632}]","['happy', 'fear', 'sad', 'sad', 'happy']","['white', 'white', 'white', 'white', 'latino hispanic']","[99.99359349654169, -87.22337389481254, -62.03405054317366, -87.08270364758926, 99.995177628935]","[99.99363404387991, 4.734125491464511, 6.895818093955617, 2.430915892909063, 99.99517763509996]","[59.99616428930647, -33.75675173359923, -23.295204338605352, -34.16606268542258, 59.99710657860644]"
Ron Johnson senator,"[35, 44, 28]","[{'Woman': 0.11428772704675794, 'Man': 99.88571405410767}, {'Woman': 0.0013234732250566594, 'Man': 99.99867677688599}, {'Woman': 0.029602539143525064, 'Man': 99.97039437294006}]","['angry', 'neutral', 'happy']","['white', 'white', 'white']","[-80.46286122407764, -53.63195690554124, 99.891516986807]","[4.786105469800532, 1.2764417367915355, 99.90597789830656]","[-31.055703260935843, -21.08656835699489, 59.93783158834674]"
Shelley Moore Capito senator,"[26, 47, 25, 43, 32, 31, 32]","[{'Woman': 93.92184615135193, 'Man': 6.078159809112549}, {'Woman': 88.0561351776123, 'Man': 11.943860352039337}, {'Woman': 1.1637615971267223, 'Man': 98.83623719215393}, {'Woman': 2.806227467954159, 'Man': 97.19377160072327}, {'Woman': 27.42244601249695, 'Man': 72.57755398750305}, {'Woman': 1.9535118713974953, 'Man': 98.04648160934448}, {'Woman': 15.172743797302246, 'Man': 84.82725620269775}]","['happy', 'angry', 'happy', 'fear', 'happy', 'happy', 'happy']","['white', 'white', 'white', 'white', 'white', 'white', 'white']","[99.92764090995298, -98.43579780125624, 99.85115319309004, -99.99678329331199, 66.38506136407409, 99.88294136444881, 98.53304871031791]","[99.92764119778332, -0.9210413592603497, 99.8839534136339, -0.9999571862221173, 82.05232924081328, 99.89427597238976, 98.53315389722802]","[59.95658460411933, -39.361527884390945, 59.917318223034606, -39.998711166474095, 42.996141440007925, 59.93205463845534, 59.11985047607157]"
Gary C. Peters senator,"[48, 58, 39, 45, 50, 45]","[{'Woman': 0.037457095459103584, 'Man': 99.96254444122314}, {'Woman': 0.07574917981401086, 'Man': 99.92425441741943}, {'Woman': 0.04901112406514585, 'Man': 99.95099306106567}, {'Woman': 0.536935031414032, 'Man': 99.46305751800537}, {'Woman': 0.15043563907966018, 'Man': 99.84956979751587}, {'Woman': 0.06990152760408819, 'Man': 99.93009567260742}]","['happy', 'happy', 'happy', 'angry', 'happy', 'happy']","['white', 'white', 'middle eastern', 'white', 'white', 'white']","[99.99992843751168, 99.99162625593159, 99.99999995755115, -99.73870749381604, 99.99736527386162, 92.78023950018081]","[99.99992852747657, 99.9916380142901, 99.99999999958075, -0.9045276481774636, 99.99736579492473, 92.78762173297142]","[59.99995708068174, 59.99497812898491, 59.99999998302152, -39.87672351737274, 59.99841926958224, 55.669635060268206]"
Bill Hagerty senator,"[31, 48, 46, 41, 39]","[{'Woman': 0.05717356107197702, 'Man': 99.94282126426697}, {'Woman': 0.2418661257252097, 'Man': 99.75813627243042}, {'Woman': 0.029505498241633177, 'Man': 99.9704897403717}, {'Woman': 0.2686201361939311, 'Man': 99.73137974739075}, {'Woman': 0.0749104015994817, 'Man': 99.92508292198181}]","['neutral', 'happy', 'fear', 'neutral', 'neutral']","['asian', 'white', 'latino hispanic', 'asian', 'latino hispanic']","[-27.524213818833232, 94.41987431846509, -98.59805351174515, 5.038642382714897, 23.362944196403827]","[0.48999791499227285, 94.63104577704163, -0.2927009239473549, 6.038500409631524, 23.594427740514977]","[-10.855091577395797, 56.69458549180159, -39.29916491759299, 3.225176950218156, 14.064530870187983]"
Richard J. Durbin senator,"[35, 45, 39, 40, 39, 40]","[{'Woman': 1.4357030391693115, 'Man': 98.56429696083069}, {'Woman': 0.19855487626045942, 'Man': 99.80144500732422}, {'Woman': 0.45592482201755047, 'Man': 99.54407215118408}, {'Woman': 16.113227605819702, 'Man': 83.88677835464478}, {'Woman': 0.11783924419432878, 'Man': 99.88215565681458}, {'Woman': 0.010637529339874163, 'Man': 99.98936653137207}]","['happy', 'fear', 'happy', 'neutral', 'neutral', 'surprise']","['white', 'asian', 'asian', 'white', 'white', 'white']","[99.99246762429135, -98.99653185211719, 99.23192180691625, 31.557644546046504, 25.64256068726536, 27.418135688640177]","[99.99275729495207, -0.9684620141670166, 99.55083092907377, 31.679533325146622, 28.260329284821637, 59.26840712619014]","[59.99553909390021, -39.594268638957146, 59.6035791694341, 18.959210723405704, 15.914378553279676, 22.88527968339622]"
Jeff Merkley senator,"[26, 42, 31, 44, 32, 35]","[{'Woman': 0.003817978358711116, 'Man': 99.99618530273438}, {'Woman': 0.03300161624792963, 'Man': 99.96700286865234}, {'Woman': 25.43761432170868, 'Man': 74.56238865852356}, {'Woman': 0.010271037899656221, 'Man': 99.98972415924072}, {'Woman': 0.004196089139441028, 'Man': 99.99580383300781}, {'Woman': 0.051155820256099105, 'Man': 99.94884729385376}]","['happy', 'sad', 'fear', 'neutral', 'sad', 'neutral']","['white', 'white', 'black', 'white', 'white', 'white']","[94.25895041545118, -77.98614249040838, -88.14874423856949, -53.64756241324358, -23.224061215296388, -9.337175055406988]","[94.29441064384218, 4.571503992774524, -0.8662489056722967, -0.3439780685584992, 20.630701479967684, 8.609568377025425]","[56.56253393177394, -30.1133730734, -35.256419203162466, -21.42013657023199, -5.074888709932566, -1.9767002994194627]"
Kelly Ayotte senator,"[35, 49, 41, 32, 46, 37]","[{'Woman': 9.19310599565506, 'Man': 90.80688953399658}, {'Woman': 99.35473799705505, 'Man': 0.6452656351029873}, {'Woman': 95.42289972305298, 'Man': 4.577098041772842}, {'Woman': 99.99459981918335, 'Man': 0.005400984809966758}, {'Woman': 98.98459911346436, 'Man': 1.0154061019420624}, {'Woman': 16.356156766414642, 'Man': 83.64384770393372}]","['neutral', 'sad', 'neutral', 'happy', 'angry', 'sad']","['white', 'white', 'white', 'white', 'white', 'white']","[0.4803268282441148, -86.42803165712394, -34.63482920124079, 59.683048909599904, -91.60020327528568, -87.7250712190289]","[0.4829817626017597, -0.7513584720436484, -0.32272109293262474, 59.71767497945369, 0.2621586013644013, -0.7497179929632694]","[0.2887324473217507, -34.54840016900562, -13.849158508965047, 35.81682451138697, -36.40206906079765, -35.064264301909134]"
Steve Daines senator,"[35, 39, 45, 28, 34, 35]","[{'Woman': 0.03877244598697871, 'Man': 99.96122717857361}, {'Woman': 0.08439975208602846, 'Man': 99.91559982299805}, {'Woman': 0.04188443999737501, 'Man': 99.95811581611633}, {'Woman': 12.65183687210083, 'Man': 87.34815716743469}, {'Woman': 0.1506716012954712, 'Man': 99.84933137893677}, {'Woman': 0.18513791728764772, 'Man': 99.81486797332764}]","['happy', 'happy', 'happy', 'neutral', 'happy', 'angry']","['white', 'white', 'latino hispanic', 'white', 'latino hispanic', 'white']","[89.20151470525823, 99.97010827060542, 99.9872026714117, -8.34050819744192, 99.85824356669833, -98.7365168868564]","[89.20172128469639, 99.97010827065527, 99.98720292972021, -0.08300175854024872, 99.85824375021589, -0.3913026633672416]","[53.52095055637477, 59.98206496237332, 59.99232165503055, -3.3361217994951176, 59.914946177093256, -39.37419008696452]"
Heidi Heitkamp senator,"[27, 38, 53, 37, 49, 35]","[{'Woman': 1.274316105991602, 'Man': 98.72568845748901}, {'Woman': 99.77109432220459, 'Man': 0.22889974061399698}, {'Woman': 99.92538094520569, 'Man': 0.07462159846909344}, {'Woman': 97.93084263801575, 'Man': 2.069162391126156}, {'Woman': 99.9998927116394, 'Man': 0.00010273620318912435}, {'Woman': 14.857234060764313, 'Man': 85.14276146888733}]","['angry', 'happy', 'happy', 'happy', 'sad', 'sad']","['middle eastern', 'white', 'latino hispanic', 'latino hispanic', 'white', 'white']","[-98.59442035958637, 99.44395155678194, 99.99999999998192, 99.61411951523259, -86.968316975981, -85.77241616620182]","[-0.35825835925061256, 99.52097359213076, 99.99999999999983, 99.61412043731089, 1.8468705005943775, -0.5444071968943445]","[-39.3109629227547, 59.68193094121034, 59.999999999992774, 59.768471895417996, -34.238528069108725, -34.245670109962006]"
James Lankford senator,"[41, 26, 26, 27, 23, 27, 29]","[{'Woman': 0.12164615327492356, 'Man': 99.8783528804779}, {'Woman': 0.056675629457458854, 'Man': 99.94332194328308}, {'Woman': 0.2729752566665411, 'Man': 99.72701668739319}, {'Woman': 0.3044708399102092, 'Man': 99.69552755355835}, {'Woman': 0.012697036436293274, 'Man': 99.98730421066284}, {'Woman': 0.2792596584185958, 'Man': 99.72073435783386}, {'Woman': 0.011297639139229432, 'Man': 99.98869895935059}]","['sad', 'happy', 'neutral', 'fear', 'happy', 'surprise', 'angry']","['white', 'white', 'white', 'white', 'white', 'white', 'white']","[-85.89587657961602, 87.29336530668661, -47.781313231007516, -89.6361692368373, 82.17390911572629, 27.827948544290848, -58.6371429748795]","[-0.8506805903052737, 92.67971961630974, -0.4564640259159205, -0.8739633678778773, 89.05673125910646, 61.992517776903696, 19.88772896796782]","[-34.35667827316138, 53.464171569794416, -19.10821234161631, -35.84994278069644, 50.69481458931055, 23.598702304880135, -19.31867529142319]"
Mark Kelly senator,"[37, 43, 34]","[{'Woman': 0.1510527217760682, 'Man': 99.8489499092102}, {'Woman': 0.20706553477793932, 'Man': 99.7929334640503}, {'Woman': 0.029493460897356272, 'Man': 99.97050166130066}]","['happy', 'fear', 'angry']","['white', 'white', 'white']","[91.87258977617603, -95.46297058993032, -82.32716347556561]","[92.09451362604159, 1.2908489555626224, 0.3928001718595624]","[55.16838696668856, -37.73155618315155, -32.685194318182766]"
"Joe Manchin, III senator","[36, 52, 40, 33, 48, 47]","[{'Woman': 17.767921090126038, 'Man': 82.2320818901062}, {'Woman': 0.13940166682004929, 'Man': 99.8606026172638}, {'Woman': 0.43536159209907055, 'Man': 99.56464171409607}, {'Woman': 0.4791006911545992, 'Man': 99.52090382575989}, {'Woman': 0.1306410296820104, 'Man': 99.86936450004578}, {'Woman': 0.013761210720986128, 'Man': 99.98623132705688}]","['happy', 'angry', 'happy', 'neutral', 'sad', 'angry']","['white', 'white', 'white', 'white', 'white', 'white']","[99.32462004143264, -98.8978491335173, 99.9996662139122, -0.3355271003783855, -82.29013137491357, -86.52664219844155]","[99.53117265928034, -0.9720878860002843, 99.99966621398849, 0.004030001280625584, -0.2687624049969837, -0.12113353121094406]","[59.636499826444975, -39.555727409904925, 59.99979972836274, -0.1327188659524836, -32.804105295672066, -34.460327002452686]"
Michael F. Bennet senator,"[29, 27, 29, 26, 25]","[{'Woman': 0.07259837002493441, 'Man': 99.92740750312805}, {'Woman': 0.07458619656972587, 'Man': 99.92541670799255}, {'Woman': 0.090494763571769, 'Man': 99.909508228302}, {'Woman': 0.005228451482253149, 'Man': 99.99476671218872}, {'Woman': 0.004147620347794145, 'Man': 99.99585151672363}]","['happy', 'happy', 'happy', 'sad', 'happy']","['white', 'white', 'white', 'white', 'white']","[98.46824986311731, 90.38767358296641, 99.46450075834085, -56.2642616367787, 99.81360408662815]","[98.47205020768934, 90.42716759089464, 99.46513004324244, -0.5327410327767508, 99.81364251812903]","[59.08171766424857, 54.24058273724009, 59.678827583267456, -22.499663930753698, 59.88817021591646]"
Roger F. Wicker senator,"[37, 48, 49, 54, 35]","[{'Woman': 0.0362851977115497, 'Man': 99.96371269226074}, {'Woman': 0.0692821282427758, 'Man': 99.93071556091309}, {'Woman': 0.034721585689112544, 'Man': 99.96527433395386}, {'Woman': 0.14505222206935287, 'Man': 99.85494017601013}, {'Woman': 0.22025085054337978, 'Man': 99.77974891662598}]","['neutral', 'happy', 'happy', 'sad', 'happy']","['middle eastern', 'white', 'white', 'white', 'white']","[3.588532656431198, 32.7019382449673, 96.63189132632276, -99.83485592790282, 99.991716179164]","[28.252661868929863, 65.98838100546577, 96.63189133091149, -0.9214008937985264, 99.99171784652826]","[7.135771960020065, 26.345696837990168, 57.97913479672067, -39.91839738823578, 59.995030044339664]"
Ted Cruz senator,"[30, 30, 24, 45, 36, 29]","[{'Woman': 0.024485302856191993, 'Man': 99.97552037239075}, {'Woman': 0.42211287654936314, 'Man': 99.57789182662964}, {'Woman': 0.02274370490340516, 'Man': 99.97726082801819}, {'Woman': 0.005204300759942271, 'Man': 99.99479055404663}, {'Woman': 0.30564083717763424, 'Man': 99.69435334205627}, {'Woman': 0.02390311856288463, 'Man': 99.97609257698059}]","['happy', 'happy', 'fear', 'neutral', 'angry', 'sad']","['white', 'white', 'white', 'white', 'white', 'white']","[99.06502376901695, 79.92452196516159, -91.78585359026748, -44.95218835072592, -84.2464160706763, -88.8971662032418]","[99.06509652005623, 86.13877083881971, 0.6683311224483104, -0.3008592282421887, -0.8313810686847517, -0.807426746468991]","[59.439028958589816, 49.21011699195718, -36.39389908088457, -17.95084248064086, -33.69632741978123, -35.542392760980874]"
Cynthia M. Lummis senator,"[32, 35, 39, 36, 44]","[{'Woman': 99.99955892562866, 'Man': 0.00043657310015987605}, {'Woman': 88.93749117851257, 'Man': 11.062510311603546}, {'Woman': 94.28951144218445, 'Man': 5.7104866951704025}, {'Woman': 99.95075464248657, 'Man': 0.049246440175920725}, {'Woman': 81.32349252700806, 'Man': 18.676503002643585}]","['happy', 'happy', 'happy', 'happy', 'happy']","['white', 'white', 'white', 'white', 'white']","[99.50179653141065, 99.13837157349981, 99.99411214267886, 97.55983815312561, 99.83299281429936]","[99.50180032462586, 99.13875134881897, 99.99412295265186, 97.56440178596773, 99.91094592305126]","[59.70107868515249, 59.48309966638658, 59.99646946944024, 58.53682483790408, 59.91554379135778]"
John Thune senator,"[33, 35, 34, 33, 32]","[{'Woman': 0.05836138152517378, 'Man': 99.94163513183594}, {'Woman': 0.02988999185618013, 'Man': 99.97010827064514}, {'Woman': 0.01290101936319843, 'Man': 99.9871015548706}, {'Woman': 0.009768149902811274, 'Man': 99.99023675918579}, {'Woman': 0.005439503365778364, 'Man': 99.99456405639648}]","['sad', 'surprise', 'happy', 'sad', 'happy']","['white', 'white', 'white', 'white', 'white']","[-99.5892909339361, 33.66769074046573, 99.99707166451115, -74.5843717464244, 99.22339928099241]","[-0.7935068076673968, 65.87984620070056, 99.997071693266, -0.6056149269075648, 99.22339940887541]","[-39.794830292428585, 26.708120597862234, 59.99824300451575, -29.80541964997245, 59.534039594430396]"
